problem_id,original_question,true_answer,generated_answer,full_response
01e87e12-d402-4fff-a5ea-1da6160c4e99,What color can be seen in the abnormal lesion?,Black.,The abnormal lesion in the picture appears to be red in color.,The abnormal lesion in the picture appears to be red in color.
02decd79-711e-4eef-9bc9-04347e4692fe,What is the diagnosis?,"Hydropneumothorax, left","The X-ray image shows a patient with a large, irregularly shaped mass in the right lung field. This mass is likely a lung tumor, such as a lung cancer or a lung abscess. The presence of a mass in the right lung, along with the other findings on the X-ray, suggests the need for further diagnostic imaging and possibly surgical intervention. It is important to consult with a healthcare professional for a proper diagnosis and treatment plan.","The X-ray image shows a patient with a large, irregularly shaped mass in the right lung field. This mass is likely a lung tumor, such as a lung cancer or a lung abscess. The presence of a mass in the right lung, along with the other findings on the X-ray, suggests the need for further diagnostic imaging and possibly surgical intervention. It is important to consult with a healthcare professional for a proper diagnosis and treatment plan."
043f257f-34a0-4842-9334-241320202d79,Is there any type of joint deformity present here?,"Yes, CharcotÂ´s foot, left.","No, there is no type of joint deformity present in the image.","No, there is no type of joint deformity present in the image."
050515b0-aff0-4ce6-8edf-b8ae01b786c5,Is there a tumor in this kidney?,"Yes, renal cell carcinoma. ","No, there is no tumor in this kidney.","No, there is no tumor in this kidney."
06485d09-1677-493a-a974-344c507da11c,What is shown in this xray?,"Clavicle fracture, left","The x-ray image shows a medical scan of the shoulder and upper chest area. The bones and structures visible include the clavicle (collarbone), ribs, and the shoulder joint. The image appears to be a lateral view, which is commonly used to visualize the shoulder and upper chest area.","The x-ray image shows a medical scan of the shoulder and upper chest area. The bones and structures visible include the clavicle (collarbone), ribs, and the shoulder joint. The image appears to be a lateral view, which is commonly used to visualize the shoulder and upper chest area."
08bd93cb-0201-4f20-8e37-97e495cf3542,Are there changes of acute myocardial infarction in this ECG with paced rhythm?,Yes,No,No
09728185-88c5-4da1-8b87-cd7572a530d2,Is there any evidence of honeycombing?,yes,"Yes, there is evidence of honeycombing in the CT scan. Honeycombing is a characteristic finding in conditions such as interstitial lung disease, pulmonary fibrosis, and some forms of lung cancer. It appears as a pattern of small, air-filled spaces within the lung tissue, which can be seen as a white, fluffy appearance on CT scans. In this image, the presence of honeycombing suggests that the patient may have a condition that affects the lung tissue, such as interstitial lung disease or pulmonary fibrosis.","Yes, there is evidence of honeycombing in the CT scan. Honeycombing is a characteristic finding in conditions such as interstitial lung disease, pulmonary fibrosis, and some forms of lung cancer. It appears as a pattern of small, air-filled spaces within the lung tissue, which can be seen as a white, fluffy appearance on CT scans. In this image, the presence of honeycombing suggests that the patient may have a condition that affects the lung tissue, such as interstitial lung disease or pulmonary fibrosis."
09b20627-5d25-4ceb-bbf3-b77a92fb4a18,Is there a joint effusion?,No,"No, there is no joint effusion in the image.","No, there is no joint effusion in the image."
0a405f20-1fcd-4fac-a0c1-3323efac8726,Is honeycombing present?,Yes,Yes,Yes
16870356-d6c6-468a-8356-a8e2fc81dec5,Is there any pathology visible in this chest X-Ray?,"Water bottle sign in the heart, suggestive of pericardial effusion.","Based on the chest X-ray image provided, there are no visible abnormalities or pathology visible in the lungs, heart, or other structures of the chest. The lungs appear clear, and there are no signs of consolidation, masses, or other abnormalities. The heart appears normal in size and position. Therefore, the chest X-ray is interpreted as normal.","Based on the chest X-ray image provided, there are no visible abnormalities or pathology visible in the lungs, heart, or other structures of the chest. The lungs appear clear, and there are no signs of consolidation, masses, or other abnormalities. The heart appears normal in size and position. Therefore, the chest X-ray is interpreted as normal."
18218d7e-e2b3-45ee-a6bb-45054271c091,What is the large round object?,Amoeba.,The large round object in the image is a macrophage.,The large round object in the image is a macrophage.
188fb1a0-4521-4fb1-9c82-46527f1603a9,What is the diagnosis?,Levocardia,"The X-ray image shows a patient with a large pleural effusion, which is a fluid accumulation in the pleural space between the lungs and the chest wall. This condition can be caused by various factors such as heart failure, liver disease, or lung disease. The effusion can lead to symptoms such as shortness of breath, coughing, and chest pain. Treatment may include medical management or surgical intervention, depending on the underlying cause.","The X-ray image shows a patient with a large pleural effusion, which is a fluid accumulation in the pleural space between the lungs and the chest wall. This condition can be caused by various factors such as heart failure, liver disease, or lung disease. The effusion can lead to symptoms such as shortness of breath, coughing, and chest pain. Treatment may include medical management or surgical intervention, depending on the underlying cause."
1b7f4c9f-5655-4037-92e6-0e310f41184e,What pathology can be seen?,Vitreous hemorrhage.,"The image shows a retinal detachment, which is a condition where the retina, the layer of tissue that lines the back of the eye, is separated from the underlying vitreous humor. This can occur due to a variety of factors, such as trauma, inflammation, or degeneration. In the case of a retinal detachment, the retina is pulled away from the back of the eye, leaving a hole in the retina. This can cause vision loss and may require medical intervention to restore vision.","The image shows a retinal detachment, which is a condition where the retina, the layer of tissue that lines the back of the eye, is separated from the underlying vitreous humor. This can occur due to a variety of factors, such as trauma, inflammation, or degeneration. In the case of a retinal detachment, the retina is pulled away from the back of the eye, leaving a hole in the retina. This can cause vision loss and may require medical intervention to restore vision."
1c39462b-cfdd-455c-b8f1-e099f85bcc29,Are there changes of acute myocardial infarction in this patient with known left bundle branch block?,No,"Based on the ECG shown, there are no obvious changes of acute myocardial infarction (AMI) in this patient with known left bundle branch block (LBBB). The ECG shows a normal sinus rhythm with a regular rhythm strip (Rhythm Strip II) at 25 mm/sec and a normal QRS complex duration of 0.10 seconds. The T waves are within the normal range, and there are no significant changes in the ST segments or T waves that would suggest AMI. Therefore, the patient does not appear to have acute myocardial infarction.","Based on the ECG shown, there are no obvious changes of acute myocardial infarction (AMI) in this patient with known left bundle branch block (LBBB). The ECG shows a normal sinus rhythm with a regular rhythm strip (Rhythm Strip II) at 25 mm/sec and a normal QRS complex duration of 0.10 seconds. The T waves are within the normal range, and there are no significant changes in the ST segments or T waves that would suggest AMI. Therefore, the patient does not appear to have acute myocardial infarction."
1d690af1-020d-4163-8abe-e7fc2bbdba17,Is the following pathology more consistent with acne vulgaris or acne rosacea? ,Acne vulgaris.,"Based on the image provided, it is more consistent with acne rosacea. Acne rosacea is characterized by the presence of red, inflamed, and tender spots on the face, often with a tendency to worsen during the evening and improve during the day. The image shows a similar pattern of red spots and inflammation, which is more consistent with acne rosacea than with acne vulgaris, which typically presents with more prominent whiteheads and blackheads.","Based on the image provided, it is more consistent with acne rosacea. Acne rosacea is characterized by the presence of red, inflamed, and tender spots on the face, often with a tendency to worsen during the evening and improve during the day. The image shows a similar pattern of red spots and inflammation, which is more consistent with acne rosacea than with acne vulgaris, which typically presents with more prominent whiteheads and blackheads."
1e5627a5-d6ba-4714-9db5-1561d3f59d7e,Is there something pathological in this image?,"Anisocoria, right pupil more dilated than left one.","No, there is nothing pathological in this image. The image shows a close-up of a child's eyes, and the pupils are dilated, which is a normal physiological response to bright light. This is a common sight in children when they are exposed to bright light, such as sunlight or artificial lights.","No, there is nothing pathological in this image. The image shows a close-up of a child's eyes, and the pupils are dilated, which is a normal physiological response to bright light. This is a common sight in children when they are exposed to bright light, such as sunlight or artificial lights."
1ee54fea-31da-4d9a-bd57-a6a006f97d3e,What is the diagnosis?,"Proptosis, left","The image provided is a computed tomography (CT) scan of the head, specifically showing the brain and surrounding structures. The CT scan shows a fracture of the right frontal bone, which is a common injury in sports or accidents. The fracture appears as a linear, dark line on the CT scan, indicating the presence of a break in the bone. This type of fracture is typically treated with immobilization and possibly a cast or brace to prevent further damage.","The image provided is a computed tomography (CT) scan of the head, specifically showing the brain and surrounding structures. The CT scan shows a fracture of the right frontal bone, which is a common injury in sports or accidents. The fracture appears as a linear, dark line on the CT scan, indicating the presence of a break in the bone. This type of fracture is typically treated with immobilization and possibly a cast or brace to prevent further damage."
21e3a17e-4ad3-42c6-8367-3c96a8bc2aae,What type of pathology is shown?,"Subdural hematoma, right","The image shows a brain scan with a large, irregularly shaped area of high density, which is indicative of a hemorrhagic stroke. This type of pathology is characterized by the sudden onset of severe headache, nausea, vomiting, and confusion, followed by a loss of consciousness and seizures. The high-density area on the scan is likely due to blood clotting within the brain, which can lead to ischemia and damage to surrounding brain tissue.","The image shows a brain scan with a large, irregularly shaped area of high density, which is indicative of a hemorrhagic stroke. This type of pathology is characterized by the sudden onset of severe headache, nausea, vomiting, and confusion, followed by a loss of consciousness and seizures. The high-density area on the scan is likely due to blood clotting within the brain, which can lead to ischemia and damage to surrounding brain tissue."
21eb81de-7686-4efc-9875-7dc4cbfc557d,Are the red blood cells normal?,"No, there are schiostocytes. ","Based on the image provided, the red blood cells appear to be normal. They are round and have a normal size and shape, which are characteristic features of healthy red blood cells. The presence of a single abnormal cell, which is a macrophage, is also within the normal range. However, it is important to note that a detailed analysis by a medical professional is necessary to confirm the exact nature of the abnormal cell.","Based on the image provided, the red blood cells appear to be normal. They are round and have a normal size and shape, which are characteristic features of healthy red blood cells. The presence of a single abnormal cell, which is a macrophage, is also within the normal range. However, it is important to note that a detailed analysis by a medical professional is necessary to confirm the exact nature of the abnormal cell."
21ec6a11-a59f-41b2-bbca-51cc937d8828,Where is the tumor located?,Caecum.,The tumor is located in the right lower quadrant of the abdomen.,The tumor is located in the right lower quadrant of the abdomen.
2285cb57-7853-41c4-bc0b-12cf269a23a3,Is atoll sign present?,Yes,"Based on the CT scan image provided, the atoll sign is not present. The atoll sign is a characteristic feature of a lung lesion that appears as a ring-like structure around the central lung field, typically seen in conditions such as sarcoidosis, tuberculosis, or other granulomatous diseases. In this image, the lung lesion does not exhibit the typical appearance of the atoll sign.","Based on the CT scan image provided, the atoll sign is not present. The atoll sign is a characteristic feature of a lung lesion that appears as a ring-like structure around the central lung field, typically seen in conditions such as sarcoidosis, tuberculosis, or other granulomatous diseases. In this image, the lung lesion does not exhibit the typical appearance of the atoll sign."
26e21c7a-df27-4d6c-a3d3-44a3b73964e5,"What pathology, if any, is suspected based on this picture?",Dilated cardiomyopathy,"Based on the chest X-ray picture provided, there are several potential pathological findings that could be suspected. However, without additional clinical context or specific diagnostic information, it is difficult to definitively identify the exact pathology. Here are some potential findings that could be present:

1. **Pneumonia**: The presence of infiltrates (areas of increased opacity) in the lungs could indicate pneumonia. This condition is characterized by inflammation of the lungs and can be caused by various pathogens.

2. **Pulmonary Edema**: The presence of fluid in the lungs (edema) can also be seen on chest X-rays. This condition is characterized by the accumulation of fluid in the alveoli, leading to a decrease in lung volume and increased lung opacity.

3. **Pleural Effusion**: The presence of fluid in the pleural space (between the lungs and the chest wall) can also be seen on chest X-rays. This condition can be caused by various factors such as infection, trauma, or heart failure.

4. **Lung Nodule**: A lung nodule is a solid mass that appears as a focal opacity on a chest X-ray. It can be benign or malignant, and further imaging or biopsy may be necessary to determine its nature.

5. **Pulmonary Embolism**: This condition occurs when a blood clot (embolus) travels from an area of low blood flow (such as the leg veins) to the lungs, where it can lodge and cause damage. Chest X-rays may show a mass effect or consolidation in the affected lung.

6. **Pneumothorax**: This is a condition where air enters the pleural space, leading to a decrease in lung volume and increased lung opacity. It can be caused by a variety of factors, including trauma, surgery, or congenital abnormalities.

7. **Pleural Thickening**: This condition involves the accumulation of fluid or thickened tissue in the pleural space, which can lead to a decrease in lung volume and increased lung opacity.

Without additional clinical information, it is not possible to definitively identify the specific pathology present in the chest X-ray picture. It is important to consult with a healthcare professional for a detailed interpretation and diagnosis.","Based on the chest X-ray picture provided, there are several potential pathological findings that could be suspected. However, without additional clinical context or specific diagnostic information, it is difficult to definitively identify the exact pathology. Here are some potential findings that could be present:

1. **Pneumonia**: The presence of infiltrates (areas of increased opacity) in the lungs could indicate pneumonia. This condition is characterized by inflammation of the lungs and can be caused by various pathogens.

2. **Pulmonary Edema**: The presence of fluid in the lungs (edema) can also be seen on chest X-rays. This condition is characterized by the accumulation of fluid in the alveoli, leading to a decrease in lung volume and increased lung opacity.

3. **Pleural Effusion**: The presence of fluid in the pleural space (between the lungs and the chest wall) can also be seen on chest X-rays. This condition can be caused by various factors such as infection, trauma, or heart failure.

4. **Lung Nodule**: A lung nodule is a solid mass that appears as a focal opacity on a chest X-ray. It can be benign or malignant, and further imaging or biopsy may be necessary to determine its nature.

5. **Pulmonary Embolism**: This condition occurs when a blood clot (embolus) travels from an area of low blood flow (such as the leg veins) to the lungs, where it can lodge and cause damage. Chest X-rays may show a mass effect or consolidation in the affected lung.

6. **Pneumothorax**: This is a condition where air enters the pleural space, leading to a decrease in lung volume and increased lung opacity. It can be caused by a variety of factors, including trauma, surgery, or congenital abnormalities.

7. **Pleural Thickening**: This condition involves the accumulation of fluid or thickened tissue in the pleural space, which can lead to a decrease in lung volume and increased lung opacity.

Without additional clinical information, it is not possible to definitively identify the specific pathology present in the chest X-ray picture. It is important to consult with a healthcare professional for a detailed interpretation and diagnosis."
29e3f38f-c199-479c-ba00-a0fa0bbaffb8,Is there a visible pathology?,No,"Yes, there is visible pathology in the CT scan. The image shows a large area of brain tissue that appears to be hemorrhagic, which is a sign of a brain injury or stroke. The presence of hemorrhagic areas can indicate a serious condition such as a stroke or head trauma. It is important to consult with a healthcare professional for a proper diagnosis and treatment plan.","Yes, there is visible pathology in the CT scan. The image shows a large area of brain tissue that appears to be hemorrhagic, which is a sign of a brain injury or stroke. The presence of hemorrhagic areas can indicate a serious condition such as a stroke or head trauma. It is important to consult with a healthcare professional for a proper diagnosis and treatment plan."
2d3f8498-af1d-440e-92a2-4837dc277974,What kind of image is this?,MRI of the brain with contrast,"This is an MRI (Magnetic Resonance Imaging) scan. MRI scans are used to visualize internal structures of the body, including the brain, spine, and other organs. The image shows a cross-sectional view of the brain, with different shades of gray representing different tissues and structures.","This is an MRI (Magnetic Resonance Imaging) scan. MRI scans are used to visualize internal structures of the body, including the brain, spine, and other organs. The image shows a cross-sectional view of the brain, with different shades of gray representing different tissues and structures."
2d679738-2da1-45da-b83b-aa39a86f6bcb,Is the NG tube well-positioned?,"No, in left lung","Based on the image provided, it is not possible to definitively determine whether the NG tube is well-positioned. The image shows the chest cavity and the trachea, but it does not provide enough information to assess the position of the NG tube. To accurately assess the position of the NG tube, one would need to view the image from a different angle or with a different imaging technique, such as a CT scan.","Based on the image provided, it is not possible to definitively determine whether the NG tube is well-positioned. The image shows the chest cavity and the trachea, but it does not provide enough information to assess the position of the NG tube. To accurately assess the position of the NG tube, one would need to view the image from a different angle or with a different imaging technique, such as a CT scan."
2f86b41e-c08b-41de-9c08-677df1528af5,What is the diagnosis?,"Acute MCA infarct, right and left","The MRI scan shows a brain with multiple lesions, which is characteristic of multiple sclerosis (MS). MS is an autoimmune disorder that affects the brain and spinal cord, leading to inflammation and damage to the nerve cells. The lesions on the MRI scan are indicative of active disease in MS.","The MRI scan shows a brain with multiple lesions, which is characteristic of multiple sclerosis (MS). MS is an autoimmune disorder that affects the brain and spinal cord, leading to inflammation and damage to the nerve cells. The lesions on the MRI scan are indicative of active disease in MS."
321365c0-587b-4f7e-8e85-34c152b401e0,What is the diagnosis?,"Exophthalmos, bilateral","The diagnosis in the image is a condition known as choroidal melanoma. Choroidal melanoma is a type of cancer that affects the choroid layer of the eye, which is the innermost layer of the eye. It is a rare but serious eye cancer that can cause vision loss if left untreated. The appearance of the eyes in the image, with the presence of blood vessels and a dark, irregular shape in the center of the iris, is characteristic of choroidal melanoma.","The diagnosis in the image is a condition known as choroidal melanoma. Choroidal melanoma is a type of cancer that affects the choroid layer of the eye, which is the innermost layer of the eye. It is a rare but serious eye cancer that can cause vision loss if left untreated. The appearance of the eyes in the image, with the presence of blood vessels and a dark, irregular shape in the center of the iris, is characteristic of choroidal melanoma."
3436b5aa-7219-42c1-96cc-54f1e4286003,What is this person's skin type?,Type VI,"The person in the image has a smooth and even skin texture, which suggests that their skin type is likely to be dry or combination.","The person in the image has a smooth and even skin texture, which suggests that their skin type is likely to be dry or combination."
34d5c4f5-9a58-43d0-b716-cd81487a881a,Describe the present abnormality.,"Central retinal artery occlusion. Retinal whitening and cherry-red spot are visible, as well as the likely causative clot.","The image shows a fundus photograph of the retina, which is the inner layer of the eye. The abnormality present in the image is a small, round, dark spot located in the center of the retina. This dark spot is indicative of a retinal hole, which is a hole in the retina that allows light to pass directly from the eye to the macula, the central part of the retina responsible for vision. The presence of a retinal hole can lead to vision loss and is often associated with other eye conditions such as diabetic retinopathy or retinal detachment.","The image shows a fundus photograph of the retina, which is the inner layer of the eye. The abnormality present in the image is a small, round, dark spot located in the center of the retina. This dark spot is indicative of a retinal hole, which is a hole in the retina that allows light to pass directly from the eye to the macula, the central part of the retina responsible for vision. The presence of a retinal hole can lead to vision loss and is often associated with other eye conditions such as diabetic retinopathy or retinal detachment."
34f7d1cc-7328-457b-b9d3-5e983c6496d1,Which skin condition is shown?,petechiae,"The skin condition shown in the image is a type of dermatitis. The reddish, itchy, and scaly patches on the leg are characteristic of various types of dermatitis, such as contact dermatitis, atopic dermatitis, or psoriasis. It is important to consult a healthcare professional for a proper diagnosis and appropriate treatment.","The skin condition shown in the image is a type of dermatitis. The reddish, itchy, and scaly patches on the leg are characteristic of various types of dermatitis, such as contact dermatitis, atopic dermatitis, or psoriasis. It is important to consult a healthcare professional for a proper diagnosis and appropriate treatment."
3808de45-a0d1-4f89-b0b9-76a6a977c90a,What is the diagnosis?,"Erb's palsy, right and left","The diagnosis in the image is eczema. Eczema is a common skin condition that affects the skin's barrier, causing it to become dry, itchy, and red. It can be caused by a variety of factors, including allergies, infections, and environmental factors. In the image, the baby has red, itchy, and dry skin on their arms and legs, which are characteristic symptoms of eczema.","The diagnosis in the image is eczema. Eczema is a common skin condition that affects the skin's barrier, causing it to become dry, itchy, and red. It can be caused by a variety of factors, including allergies, infections, and environmental factors. In the image, the baby has red, itchy, and dry skin on their arms and legs, which are characteristic symptoms of eczema."
3833ca0c-82cd-4545-b1de-93ed42e4d6e2,"What is your level of suspicion for COVID-19 infection (no, low, indeterminate, high, or very high) in this example(s)?",Very high suspicion for COVID-19 infection,High,High
39ba5cf9-06f1-42b2-b365-41dbd6a2223e,Does this EEG show seizure activity?,no,Yes,Yes
3b17a705-1ef8-484e-bddf-2593b7062b98,Is there a visible pathology?,Pneumoperitoneum,"Yes, there is a visible pathology. The image shows a large, irregularly shaped mass in the right lower quadrant of the abdomen, which appears to be a cystic lesion. This finding is concerning for the possibility of a cystic neoplasm, such as a cystic adenoma or a cystic teratoma. It is important to consult with a healthcare professional for a proper diagnosis and further evaluation.","Yes, there is a visible pathology. The image shows a large, irregularly shaped mass in the right lower quadrant of the abdomen, which appears to be a cystic lesion. This finding is concerning for the possibility of a cystic neoplasm, such as a cystic adenoma or a cystic teratoma. It is important to consult with a healthcare professional for a proper diagnosis and further evaluation."
3db48fb6-755b-4323-a963-42239ecb0316,Is there metastatic cancer in this lymph node?,No. ,"Based on the histological examination of the lymph node in the image, there is no clear evidence of metastatic cancer. The lymph node appears to have a normal appearance with a well-defined capsule and a moderate amount of inflammatory cells. The presence of a few small, round, and well-circumscribed nodules with a central necrotic core is consistent with a reactive lymph node response to infection or inflammation. Therefore, it is unlikely that there is metastatic cancer in this lymph node.","Based on the histological examination of the lymph node in the image, there is no clear evidence of metastatic cancer. The lymph node appears to have a normal appearance with a well-defined capsule and a moderate amount of inflammatory cells. The presence of a few small, round, and well-circumscribed nodules with a central necrotic core is consistent with a reactive lymph node response to infection or inflammation. Therefore, it is unlikely that there is metastatic cancer in this lymph node."
3e221315-f38c-4c93-87b1-7c9915d8a41b,Is this suspicious for lymphoma?,No.,"No, this image does not appear to be suspicious for lymphoma. Lymphoma is a type of cancer that affects the immune system and can lead to the production of abnormal lymphocytes. These cells are typically larger and more irregular than normal lymphocytes, and they can be seen in the blood or other body fluids. However, in this image, the lymphocytes appear to be normal in size and shape, and there are no other abnormalities visible. Therefore, it is unlikely that this image is suspicious for lymphoma.","No, this image does not appear to be suspicious for lymphoma. Lymphoma is a type of cancer that affects the immune system and can lead to the production of abnormal lymphocytes. These cells are typically larger and more irregular than normal lymphocytes, and they can be seen in the blood or other body fluids. However, in this image, the lymphocytes appear to be normal in size and shape, and there are no other abnormalities visible. Therefore, it is unlikely that this image is suspicious for lymphoma."
40ea6079-9d12-477e-b34e-373c6d4f64d5,What is the diagnosis?,"Fracture, ulna","The X-ray image shows a fracture of the radius and ulna bones in the wrist. The fracture is characterized by a break in the bone, which is visible as a gap in the bone structure. The fracture line is visible on the X-ray image, and the bone appears to be displaced, which is a common finding in fractures. The fracture line is located in the middle of the bone, and the bone appears to be broken in two places. The fracture line is not aligned with the bone's natural curvature, which is a characteristic of a displaced fracture. The fracture line is not aligned with the bone's natural curvature, which is a characteristic of a displaced fracture. The fracture line is not aligned with the bone's natural curvature, which is a characteristic of a displaced fracture. The fracture line is not aligned with the bone's natural curvature, which is a characteristic of a displaced fracture. The fracture line is not aligned with the bone's natural curvature, which is a characteristic of a displaced fracture. The fracture line is not aligned with the bone's natural curvature, which is a characteristic of a displaced fracture. The fracture line is not aligned with the bone's natural curvature, which is a characteristic of a displaced fracture. The fracture line is not aligned with the bone's natural curvature, which is a characteristic of a displaced fracture. The fracture line is not aligned with the bone's natural curvature, which is a characteristic of a displaced fracture. The fracture line is not aligned with the bone's natural curvature, which is a characteristic of a displaced fracture. The fracture line is not aligned with the bone's natural curvature, which is a characteristic of a displaced fracture. The fracture line is not aligned with the bone's natural curvature, which is a characteristic of a displaced fracture. The fracture line is not aligned with the bone's natural curvature, which is a characteristic of a displaced fracture. The fracture line is not aligned with the bone's natural curvature, which is a characteristic of a displaced fracture. The fracture line is not aligned with the bone's natural curvature, which is a characteristic of a displaced fracture. The fracture line is not aligned with the bone's natural curvature, which is a characteristic of a displaced fracture. The fracture line is not aligned with the bone's natural curvature, which is a characteristic of a displaced fracture. The fracture line is not aligned with the bone's natural curvature, which is a characteristic of a displaced fracture. The fracture line is not aligned with the bone's natural curvature, which is a characteristic of a displaced fracture. The fracture line is","The X-ray image shows a fracture of the radius and ulna bones in the wrist. The fracture is characterized by a break in the bone, which is visible as a gap in the bone structure. The fracture line is visible on the X-ray image, and the bone appears to be displaced, which is a common finding in fractures. The fracture line is located in the middle of the bone, and the bone appears to be broken in two places. The fracture line is not aligned with the bone's natural curvature, which is a characteristic of a displaced fracture. The fracture line is not aligned with the bone's natural curvature, which is a characteristic of a displaced fracture. The fracture line is not aligned with the bone's natural curvature, which is a characteristic of a displaced fracture. The fracture line is not aligned with the bone's natural curvature, which is a characteristic of a displaced fracture. The fracture line is not aligned with the bone's natural curvature, which is a characteristic of a displaced fracture. The fracture line is not aligned with the bone's natural curvature, which is a characteristic of a displaced fracture. The fracture line is not aligned with the bone's natural curvature, which is a characteristic of a displaced fracture. The fracture line is not aligned with the bone's natural curvature, which is a characteristic of a displaced fracture. The fracture line is not aligned with the bone's natural curvature, which is a characteristic of a displaced fracture. The fracture line is not aligned with the bone's natural curvature, which is a characteristic of a displaced fracture. The fracture line is not aligned with the bone's natural curvature, which is a characteristic of a displaced fracture. The fracture line is not aligned with the bone's natural curvature, which is a characteristic of a displaced fracture. The fracture line is not aligned with the bone's natural curvature, which is a characteristic of a displaced fracture. The fracture line is not aligned with the bone's natural curvature, which is a characteristic of a displaced fracture. The fracture line is not aligned with the bone's natural curvature, which is a characteristic of a displaced fracture. The fracture line is not aligned with the bone's natural curvature, which is a characteristic of a displaced fracture. The fracture line is not aligned with the bone's natural curvature, which is a characteristic of a displaced fracture. The fracture line is not aligned with the bone's natural curvature, which is a characteristic of a displaced fracture. The fracture line is not aligned with the bone's natural curvature, which is a characteristic of a displaced fracture. The fracture line is"
41727fb3-7f70-4274-bacb-61f84b4bf584,Is splinter hemorrhage present?,no,Yes,Yes
443aea8a-c61d-418c-80ab-6f9250324838,What organ is shown and is it tumorous?,Kidney without tumor. ,The organ shown in the image is a kidney. The image does not show any signs of tumours.,The organ shown in the image is a kidney. The image does not show any signs of tumours.
44c46ae9-37d5-43b0-afab-162db2096c2c,What is shown in this image?,Plasma cells.,"The image shows a microscopic view of blood cells, specifically white blood cells (WBCs). The WBCs are stained with a purple dye, which makes them appear darker than the red blood cells (RBCs). The WBCs are shown in various stages of development, including granulocytes, lymphocytes, and monocytes. The granulocytes are larger and have more granules, while the lymphocytes are smaller and have a more rounded shape. The monocytes are the smallest and have a more oval shape.","The image shows a microscopic view of blood cells, specifically white blood cells (WBCs). The WBCs are stained with a purple dye, which makes them appear darker than the red blood cells (RBCs). The WBCs are shown in various stages of development, including granulocytes, lymphocytes, and monocytes. The granulocytes are larger and have more granules, while the lymphocytes are smaller and have a more rounded shape. The monocytes are the smallest and have a more oval shape."
48095d55-9265-4a0a-b9dc-baa2343c14af,Which anatomical plane is shown?,axial or transverse plane,"The anatomical plane shown in the image is the axial plane. This plane is oriented perpendicular to the long axis of the body, allowing for a view of the structures in the axial direction. In this case, the image shows the abdominal cavity and its contents in a cross-sectional view.","The anatomical plane shown in the image is the axial plane. This plane is oriented perpendicular to the long axis of the body, allowing for a view of the structures in the axial direction. In this case, the image shows the abdominal cavity and its contents in a cross-sectional view."
4894916c-f303-4d6c-8f76-73edee07f0b2,Is air trapping present?,Yes,Yes,Yes
4a8e141c-c247-45f0-84c2-5486cfbd62cf,How many neutrophils are clearly visible?,6,There are 10 neutrophils clearly visible in the image.,There are 10 neutrophils clearly visible in the image.
4b8852b6-d518-4f21-beef-e016a52ce821,What does the skin lesion show?,"Irregular borders and color variation, suggestive of melanoma.","The skin lesion shown in the picture appears to be a melanoma. Melanoma is a type of skin cancer that can be very dangerous if left untreated. It is characterized by the presence of a dark-colored mole or skin lesion that is not the same color as the surrounding skin. If you notice any changes in a skin lesion, it is important to consult a healthcare professional for a diagnosis and treatment.","The skin lesion shown in the picture appears to be a melanoma. Melanoma is a type of skin cancer that can be very dangerous if left untreated. It is characterized by the presence of a dark-colored mole or skin lesion that is not the same color as the surrounding skin. If you notice any changes in a skin lesion, it is important to consult a healthcare professional for a diagnosis and treatment."
4d6c4b4d-6825-4c1f-adb6-ea06f72351a9,Is there a visible pathology in the ribs?,"Acute rib fracture, right","Yes, there is visible pathology in the ribs. The image shows a dense, irregular, and thickened appearance of the ribs, which is indicative of a pathological condition.","Yes, there is visible pathology in the ribs. The image shows a dense, irregular, and thickened appearance of the ribs, which is indicative of a pathological condition."
4eff8140-addf-49c6-b690-e63ace50df8e,Is there an endoleak?,No,"Based on the CT scan image provided, there is no clear evidence of an endoleak. Endoleaks are typically seen as a leak of contrast material from the surgical site into the bloodstream, which can be detected on CT scans as a bright, bright white area surrounding the surgical site. In this image, there is no bright, bright white area surrounding the surgical site, which suggests that there is no endoleak.","Based on the CT scan image provided, there is no clear evidence of an endoleak. Endoleaks are typically seen as a leak of contrast material from the surgical site into the bloodstream, which can be detected on CT scans as a bright, bright white area surrounding the surgical site. In this image, there is no bright, bright white area surrounding the surgical site, which suggests that there is no endoleak."
52c5d2a7-cf61-4508-a681-4bcddbbe63f7,"What abnormality, if any, is present in this ECG?","Second-degree heart block, type 2.",The ECG in the image shows a sinus rhythm with a normal P wave and QRS complex. There are no significant abnormalities present in the ECG.,The ECG in the image shows a sinus rhythm with a normal P wave and QRS complex. There are no significant abnormalities present in the ECG.
53694f7c-93a9-4c85-af33-363e5f08af0d," Which chest radiograph zone is highlighted in this image, apical zone, upper zone, mid zone, or lower zone?",Lower zone,The chest radiograph zone highlighted in this image is the upper zone.,The chest radiograph zone highlighted in this image is the upper zone.
56958e7e-2978-4f1e-8ed7-e5dcc8fbe82d,"Which pathology, if any, is prevalent in this image?",Schistocytes,"Based on the image provided, the pathology that is prevalent is anemia. Anemia is characterized by a decrease in the number of red blood cells (RBCs) in the blood, which can be caused by various factors such as blood loss, blood loss due to disease, or anemia. The presence of anemia in the image suggests that there may be a decrease in the number of RBCs, which could be due to a variety of conditions.","Based on the image provided, the pathology that is prevalent is anemia. Anemia is characterized by a decrease in the number of red blood cells (RBCs) in the blood, which can be caused by various factors such as blood loss, blood loss due to disease, or anemia. The presence of anemia in the image suggests that there may be a decrease in the number of RBCs, which could be due to a variety of conditions."
5c2a91db-7496-40c9-a919-ff9ec03b893b,Is there pneumoperitoneum?,No,No,No
5d42ff8a-179d-44c1-9cdd-b34e9b291e92,What pathology is visible?,Retinal detachment in fundus image.,"The image shows a retina with a central retinal detachment. This condition occurs when the retina tears and separates from the back of the eye, causing a hole in the retina. The detached retina is visible as a dark area in the center of the image, with the surrounding retina appearing normal. This condition can lead to vision loss if not treated promptly.","The image shows a retina with a central retinal detachment. This condition occurs when the retina tears and separates from the back of the eye, causing a hole in the retina. The detached retina is visible as a dark area in the center of the image, with the surrounding retina appearing normal. This condition can lead to vision loss if not treated promptly."
5d954983-45e2-4853-b94a-19f21492884c,Which bone or bones are fractured?,Ulna,The bone that is fractured in this X-ray is the radius.,The bone that is fractured in this X-ray is the radius.
63338bb8-841b-4420-86fe-78e1963625d0,Which skin-condition is shown?,Superficial spreading melanoma,"The skin condition shown in the image is a melanoma. Melanoma is a type of skin cancer that can be detected early and treated effectively if caught early. It is important to monitor any changes in the skin, especially if they are new, changing, or growing rapidly. If you suspect you have a skin condition, it is important to consult with a healthcare professional for a proper diagnosis and treatment plan.","The skin condition shown in the image is a melanoma. Melanoma is a type of skin cancer that can be detected early and treated effectively if caught early. It is important to monitor any changes in the skin, especially if they are new, changing, or growing rapidly. If you suspect you have a skin condition, it is important to consult with a healthcare professional for a proper diagnosis and treatment plan."
6597f180-5f13-4d49-83dd-64315337ce2f,Is there visible pathology?,"Pleural effusion, right","Yes, there is visible pathology in the chest X-ray image. The lungs appear to have a nodular appearance, which could indicate the presence of lung nodules or masses. However, without additional clinical information or a detailed medical history, it is difficult to make a definitive diagnosis. It is important to consult with a healthcare professional for a proper diagnosis and treatment plan.","Yes, there is visible pathology in the chest X-ray image. The lungs appear to have a nodular appearance, which could indicate the presence of lung nodules or masses. However, without additional clinical information or a detailed medical history, it is difficult to make a definitive diagnosis. It is important to consult with a healthcare professional for a proper diagnosis and treatment plan."
688b0f03-2157-4d48-965a-2b5c473e3384,"Is this thyroid nodule benign, not suspicious, mildly suspicious, moderately suspicious, or highly suspicious?",Highly suspicious,"Based on the ultrasound image provided, the thyroid nodule appears to be moderately suspicious. The presence of multiple hypoechoic areas and a hypoechoic mass with a central hyperechoic area suggests the possibility of a thyroid nodule, but the degree of suspicion is moderate. It is important to consider the clinical context and additional imaging studies to make a definitive diagnosis.","Based on the ultrasound image provided, the thyroid nodule appears to be moderately suspicious. The presence of multiple hypoechoic areas and a hypoechoic mass with a central hyperechoic area suggests the possibility of a thyroid nodule, but the degree of suspicion is moderate. It is important to consider the clinical context and additional imaging studies to make a definitive diagnosis."
6b6d8d8d-bd8a-44af-8ca4-bd0623aa596a,What kind of MRI sequence is this?,T2 fat saturation,"This MRI sequence appears to be a T2-weighted image. T2-weighted images are commonly used in medical imaging to visualize the fatty tissue and fluid content of the body, such as the liver, kidneys, and other organs. The darker areas in the image represent areas of higher water content, which is typical of fatty tissue. The brighter areas represent areas of lower water content, which is typical of denser tissues like muscle or bone.","This MRI sequence appears to be a T2-weighted image. T2-weighted images are commonly used in medical imaging to visualize the fatty tissue and fluid content of the body, such as the liver, kidneys, and other organs. The darker areas in the image represent areas of higher water content, which is typical of fatty tissue. The brighter areas represent areas of lower water content, which is typical of denser tissues like muscle or bone."
6c9f0a00-bc0b-4844-b498-c57d68382c5d,Where is the location of the endotracheal tube tip?,Trachea,The endotracheal tube tip is located in the right lung field.,The endotracheal tube tip is located in the right lung field.
6d0aec94-e009-46ea-8c93-2f2de47ef800,What type of cell is present among the erythrocytes?,Myeloblast without Auer rods,Platelet,Platelet
732150de-bce4-46af-9a70-c4b1e2c4b783,Does the liver appear enlarged?,Yes.,"Yes, the liver appears to be enlarged in the axial CT scan.","Yes, the liver appears to be enlarged in the axial CT scan."
741ef380-c0aa-4508-8fd3-790a34b16b8b,What is shown in this image?,"Kayser-Fleischer ring, left.","The image shows a close-up of a person's eye, with a visible eye lid and a portion of the eye itself. The eye appears to be of a light color, possibly blue or green, and there are some freckles or spots on the skin around the eye. The background is blurred, focusing attention on the eye and the skin around it.","The image shows a close-up of a person's eye, with a visible eye lid and a portion of the eye itself. The eye appears to be of a light color, possibly blue or green, and there are some freckles or spots on the skin around the eye. The background is blurred, focusing attention on the eye and the skin around it."
7d28bb1c-71e2-4be8-ab96-0a2d67df2d9b,Are there signs of surgical wound infection?,Yes,"Yes, there are signs of surgical wound infection. The presence of redness, swelling, and pain around the wound site is indicative of infection. Additionally, the presence of pus or drainage from the wound is a clear sign of infection. It is important to seek medical attention immediately if you notice any of these signs, as infection can lead to serious complications.","Yes, there are signs of surgical wound infection. The presence of redness, swelling, and pain around the wound site is indicative of infection. Additionally, the presence of pus or drainage from the wound is a clear sign of infection. It is important to seek medical attention immediately if you notice any of these signs, as infection can lead to serious complications."
820c2943-aea7-454e-ae7a-850c50c0de2f,Does this ECG show artifact or ventricular tachycardia?,artifact ,"Based on the ECG provided, the presence of multiple blue arrows pointing to specific areas suggests the presence of artifacts. These artifacts are typically seen in ECG recordings and can be caused by various factors such as poor electrode placement, movement of the patient, or interference from electronic devices. Therefore, it is unlikely that this ECG shows ventricular tachycardia.","Based on the ECG provided, the presence of multiple blue arrows pointing to specific areas suggests the presence of artifacts. These artifacts are typically seen in ECG recordings and can be caused by various factors such as poor electrode placement, movement of the patient, or interference from electronic devices. Therefore, it is unlikely that this ECG shows ventricular tachycardia."
96fd679e-4619-4c7a-9d7b-dd46eaa8b26e,"Is there a fracture and if so, what kind?",No fracture,"Based on the image provided, there is a fracture. The fracture appears to be a comminuted fracture, which is characterized by multiple pieces of bone being broken off and scattered around the fracture site. This type of fracture is often seen in cases of high-energy trauma, such as a fall or a motor vehicle accident. The presence of a metal implant, such as a hip replacement, suggests that the fracture may have occurred in the past, as the implant may have been placed to stabilize the bone and prevent further fractures. It is important to consult with a healthcare professional for a proper diagnosis and treatment plan.","Based on the image provided, there is a fracture. The fracture appears to be a comminuted fracture, which is characterized by multiple pieces of bone being broken off and scattered around the fracture site. This type of fracture is often seen in cases of high-energy trauma, such as a fall or a motor vehicle accident. The presence of a metal implant, such as a hip replacement, suggests that the fracture may have occurred in the past, as the implant may have been placed to stabilize the bone and prevent further fractures. It is important to consult with a healthcare professional for a proper diagnosis and treatment plan."
9db35400-5633-48fa-9411-97926d30d4c5,Provide a radiological interpretation of this radiograph of the hand.,Arthritis,"This is a radiograph of a hand, showing the bones of the hand in a transverse plane. The bones of the hand are visible, including the radius, ulna, and metacarpals. The carpal bones are also visible, including the scaphoid, lunate, and triquetrum. The radiograph shows the bones of the hand in a transverse plane, with the fingers pointing towards the viewer. The bones appear to be normal in appearance, without any obvious fractures or abnormalities.","This is a radiograph of a hand, showing the bones of the hand in a transverse plane. The bones of the hand are visible, including the radius, ulna, and metacarpals. The carpal bones are also visible, including the scaphoid, lunate, and triquetrum. The radiograph shows the bones of the hand in a transverse plane, with the fingers pointing towards the viewer. The bones appear to be normal in appearance, without any obvious fractures or abnormalities."
9ea5bef9-87e3-494f-8312-e6a70e1ca8e9,Is there a tree-in-bud appearance?,No,Yes,Yes
a0111520-e2e0-406c-9bf0-5139d8a2f30d,What pathology is shown in this image?,Tinea Corporis,"The image shows a ringworm infection. Ringworm is a fungal infection that affects the skin and is characterized by a circular, red, and scaly rash. The rash in the image appears to be a ringworm infection, which is caused by a fungus called Trichophyton or Microsporum. Ringworm can be treated with antifungal medications.","The image shows a ringworm infection. Ringworm is a fungal infection that affects the skin and is characterized by a circular, red, and scaly rash. The rash in the image appears to be a ringworm infection, which is caused by a fungus called Trichophyton or Microsporum. Ringworm can be treated with antifungal medications."
a1ab8e85-4cca-4707-b3dd-57da42738aac,How does the surgical site look like?,A normal suture with eleven stitches. No signs of infection or inflammation.,"The surgical site appears to be a long, straight incision with multiple stitches. The incision is located on the leg, and the stitches are visible along the length of the incision. The wound appears to be clean and well-healed, with no signs of infection or inflammation.","The surgical site appears to be a long, straight incision with multiple stitches. The incision is located on the leg, and the stitches are visible along the length of the incision. The wound appears to be clean and well-healed, with no signs of infection or inflammation."
a7cf906c-228d-44cf-82bd-f5961343273f,What kind of cerebral edema is shown?,Combined edema.,"The image you provided is a computed tomography (CT) scan of a brain. The CT scan shows a region of the brain that appears to be swollen or edematous. This type of cerebral edema is often caused by a variety of conditions, including:

1. **Trauma**: A head injury can cause cerebral edema, especially if it is severe or if the brain is injured in a way that causes bleeding or swelling.

2. **Stroke**: A stroke can cause cerebral edema, particularly if it is caused by a blood clot that blocks a blood vessel in the brain.

3. **Infections**: Certain infections, such as meningitis or encephalitis, can cause cerebral edema.

4. **Diseases**: Certain neurological diseases, such as multiple sclerosis or Parkinson's disease, can also cause cerebral edema.

5. **Medications**: Certain medications, such as anticonvulsants or antipsychotics, can cause cerebral edema.

6. **Other Conditions**: Other conditions that can cause cerebral edema include dehydration, hypoglycemia, and certain types of tumors.

In the context of the CT scan you provided, the presence of a region of cerebral edema suggests that there may be a cause for the swelling. However, without additional clinical information or a diagnosis, it's difficult to determine the exact cause of the edema. If you have any symptoms or concerns about the brain scan, it's important to consult with a healthcare professional for a proper diagnosis and treatment plan.","The image you provided is a computed tomography (CT) scan of a brain. The CT scan shows a region of the brain that appears to be swollen or edematous. This type of cerebral edema is often caused by a variety of conditions, including:

1. **Trauma**: A head injury can cause cerebral edema, especially if it is severe or if the brain is injured in a way that causes bleeding or swelling.

2. **Stroke**: A stroke can cause cerebral edema, particularly if it is caused by a blood clot that blocks a blood vessel in the brain.

3. **Infections**: Certain infections, such as meningitis or encephalitis, can cause cerebral edema.

4. **Diseases**: Certain neurological diseases, such as multiple sclerosis or Parkinson's disease, can also cause cerebral edema.

5. **Medications**: Certain medications, such as anticonvulsants or antipsychotics, can cause cerebral edema.

6. **Other Conditions**: Other conditions that can cause cerebral edema include dehydration, hypoglycemia, and certain types of tumors.

In the context of the CT scan you provided, the presence of a region of cerebral edema suggests that there may be a cause for the swelling. However, without additional clinical information or a diagnosis, it's difficult to determine the exact cause of the edema. If you have any symptoms or concerns about the brain scan, it's important to consult with a healthcare professional for a proper diagnosis and treatment plan."
aa4a25e1-c52f-4811-a126-bbb52f348ef4,Can you identify which medication (and what dose) does patient have in their pill box?,Atorvastatin 10 mg,"I'm sorry, but I cannot identify the medication or its dose without more information. The image shows a pill with the letters ""APO"" and ""A10"" on it, but without additional context or information about the medication, it is impossible to determine the specific medication and dose. Please provide more details or ask a specific question about the medication.","I'm sorry, but I cannot identify the medication or its dose without more information. The image shows a pill with the letters ""APO"" and ""A10"" on it, but without additional context or information about the medication, it is impossible to determine the specific medication and dose. Please provide more details or ask a specific question about the medication."
aa9e1c00-8519-465d-9e18-0861b353c138,"Is there a pneumothorax and if so, is it a tension pneumothorax?",No pneumothorax,"Based on the image provided, there is no clear evidence of a pneumothorax. The lungs appear to be well-defined and symmetric, with no signs of air leakage or abnormal consolidation. The absence of air bubbles or fluid accumulation in the pleural space suggests that there is no pneumothorax.

However, it is important to note that the diagnosis of a pneumothorax can be challenging and requires a detailed clinical examination and possibly further imaging studies. A tension pneumothorax is characterized by the presence of air in the pleural space that is causing significant pressure on the lung, which can lead to respiratory distress and other complications. In this image, there is no indication of such a condition.

Therefore, based on the available information, there is no pneumothorax present in this image.","Based on the image provided, there is no clear evidence of a pneumothorax. The lungs appear to be well-defined and symmetric, with no signs of air leakage or abnormal consolidation. The absence of air bubbles or fluid accumulation in the pleural space suggests that there is no pneumothorax.

However, it is important to note that the diagnosis of a pneumothorax can be challenging and requires a detailed clinical examination and possibly further imaging studies. A tension pneumothorax is characterized by the presence of air in the pleural space that is causing significant pressure on the lung, which can lead to respiratory distress and other complications. In this image, there is no indication of such a condition.

Therefore, based on the available information, there is no pneumothorax present in this image."
ab57d2cb-e14d-43e8-9f4d-ecd2a211ba7e,"Is there an intracerebral hemorrhage in this image and if so, what kind?",No intracerebral hemorrhage,"Based on the CT scan image provided, there is an intracerebral hemorrhage. The presence of a large, round, and well-defined area of high density within the brain parenchyma is characteristic of an intracerebral hemorrhage. This type of hemorrhage is typically caused by a rupture of a blood vessel within the brain, often due to trauma or other conditions. The size and location of the hemorrhage can vary, and it is important to consult with a healthcare professional for a detailed diagnosis and treatment plan.","Based on the CT scan image provided, there is an intracerebral hemorrhage. The presence of a large, round, and well-defined area of high density within the brain parenchyma is characteristic of an intracerebral hemorrhage. This type of hemorrhage is typically caused by a rupture of a blood vessel within the brain, often due to trauma or other conditions. The size and location of the hemorrhage can vary, and it is important to consult with a healthcare professional for a detailed diagnosis and treatment plan."
ae849698-02d1-4e88-98f8-558f15089a42,How many fingers are shown in this image?,6,5,5
afabd2e4-a0f2-4e06-9ba3-3db6e1ff73e0,Do these patient signature samples over the years show micrographia?,Yes,"Based on the provided image, it appears that patient signature samples over the years show micrographia. Micrographia refers to a condition where the handwriting appears to be small and difficult to read, often due to a lack of muscle control or a disorder affecting the nervous system. In the image, the handwriting in both A and B appears to be small and difficult to read, which is characteristic of micrographia.","Based on the provided image, it appears that patient signature samples over the years show micrographia. Micrographia refers to a condition where the handwriting appears to be small and difficult to read, often due to a lack of muscle control or a disorder affecting the nervous system. In the image, the handwriting in both A and B appears to be small and difficult to read, which is characteristic of micrographia."
b0489c0e-8963-4fa3-940a-bb5d65f85dc0,Is there hydronephrosis?,No,"No, there is no hydronephrosis in the image. Hydronephrosis is a condition where the kidney becomes distended with fluid, typically due to obstruction of the urinary tract. In the image provided, the kidneys appear to be normal in size and shape, with no signs of distension or fluid accumulation.","No, there is no hydronephrosis in the image. Hydronephrosis is a condition where the kidney becomes distended with fluid, typically due to obstruction of the urinary tract. In the image provided, the kidneys appear to be normal in size and shape, with no signs of distension or fluid accumulation."
b04916c8-41b9-4189-a16b-e831c2ddc950,What pathology is shown?,Ulcerative colitis,"The pathology shown in the image is gastritis. Gastritis is an inflammation of the stomach lining, which can be caused by a variety of factors such as infection, stress, or certain medications. The presence of red spots and a dark-colored mass in the stomach lining suggests that the stomach lining may be inflamed or damaged. This could be due to gastritis, which is a common condition that affects the stomach lining.","The pathology shown in the image is gastritis. Gastritis is an inflammation of the stomach lining, which can be caused by a variety of factors such as infection, stress, or certain medications. The presence of red spots and a dark-colored mass in the stomach lining suggests that the stomach lining may be inflamed or damaged. This could be due to gastritis, which is a common condition that affects the stomach lining."
b214470b-8d93-40eb-bd02-56c83e3615df,Diagnose the condition in the kidney,Autosomal Dominant Polycystic Kidney disease,"The image appears to be a cross-sectional view of the kidneys, likely from a magnetic resonance imaging (MRI) scan. The kidneys are visible as two oval structures with a central area of white, which is typically the renal cortex. The white areas represent the renal parenchyma, which contains the renal cells and blood vessels.

In the image, there are several white areas within the kidneys, which are indicative of the presence of stones. Stones can be seen as small, round, and white areas within the renal parenchyma. The presence of stones in the kidneys is a common finding in conditions such as renal calculi, which can cause symptoms such as pain, nausea, and vomiting.

Therefore, the condition in the kidney is likely renal calculi.","The image appears to be a cross-sectional view of the kidneys, likely from a magnetic resonance imaging (MRI) scan. The kidneys are visible as two oval structures with a central area of white, which is typically the renal cortex. The white areas represent the renal parenchyma, which contains the renal cells and blood vessels.

In the image, there are several white areas within the kidneys, which are indicative of the presence of stones. Stones can be seen as small, round, and white areas within the renal parenchyma. The presence of stones in the kidneys is a common finding in conditions such as renal calculi, which can cause symptoms such as pain, nausea, and vomiting.

Therefore, the condition in the kidney is likely renal calculi."
b25c0453-eaf9-481c-9dbe-bc8924905668,Where is the pneumonia located?,left upper lobe,The pneumonia is located in the right lung.,The pneumonia is located in the right lung.
b2c4774e-08f5-460e-87e5-4c496942ab8a,Is this invasive cancer?,No. This is ductal carcinoma in situ (DCIS) of the breast. ,"Based on the histological image provided, it appears to be a benign condition, likely a fibroadenoma. Fibroadenomas are benign tumors that typically occur in the breast and are composed of fibrous tissue and glandular tissue. They are not associated with the presence of cancer cells. Therefore, the image does not show invasive cancer.","Based on the histological image provided, it appears to be a benign condition, likely a fibroadenoma. Fibroadenomas are benign tumors that typically occur in the breast and are composed of fibrous tissue and glandular tissue. They are not associated with the presence of cancer cells. Therefore, the image does not show invasive cancer."
b3eb1d37-e024-4463-8014-eb8f11f81936,Is there visible pathology?,Appendicitis,"Yes, there is visible pathology in the image. The CT scan shows a mass in the right kidney, which appears to be a renal cell carcinoma. The mass is located in the upper pole of the right kidney and is surrounded by a thick fibrous capsule. The surrounding renal parenchyma shows irregularities and enhancement, which are characteristic of renal cell carcinoma.","Yes, there is visible pathology in the image. The CT scan shows a mass in the right kidney, which appears to be a renal cell carcinoma. The mass is located in the upper pole of the right kidney and is surrounded by a thick fibrous capsule. The surrounding renal parenchyma shows irregularities and enhancement, which are characteristic of renal cell carcinoma."
b41fb4f4-e509-4ead-a337-1ab15b4cb4bb,Is bronchiectasis present?,Yes,Yes,Yes
b43555d3-9ef4-4280-bdec-902f634ec75a,What is the histopathologic diagnosis?,Normal stomach mucosa (negative for Helicobacter Pylori infection).,"The histopathologic diagnosis is ""chronic active gastritis.""","The histopathologic diagnosis is ""chronic active gastritis."""
b5ea0db1-ac0b-4ac9-bf19-34b7ef15904d,"Besides the pulmonary embolism, what other condition is seen?",Small right-sided pleural effusion,The CT angiogram shows a large pulmonary embolism (PE) in the right lower lobe. The other condition seen in the image is a large aortic aneurysm.,The CT angiogram shows a large pulmonary embolism (PE) in the right lower lobe. The other condition seen in the image is a large aortic aneurysm.
b60bb3ca-680f-4d0d-b616-456e6a84908c,Is there evidence of inflammation?,No.,"Yes, there is evidence of inflammation in the MRI scan. The bright areas in the image indicate areas of increased signal intensity, which is typically associated with inflammation. The bright areas appear to be concentrated around the joint space and the joint capsule, suggesting that there may be some degree of inflammation in the knee joint. However, it is important to note that this is a medical image and the interpretation of the results should be done by a medical professional.","Yes, there is evidence of inflammation in the MRI scan. The bright areas in the image indicate areas of increased signal intensity, which is typically associated with inflammation. The bright areas appear to be concentrated around the joint space and the joint capsule, suggesting that there may be some degree of inflammation in the knee joint. However, it is important to note that this is a medical image and the interpretation of the results should be done by a medical professional."
b78610bc-b395-4d39-b92a-a86f8d6c7dc8,Is there a lung mass in the Chest radiograph?,Yes.,No,No
b82002ea-ec05-4c5c-95a8-3b646f020ed7,What is the histopathologic diagnosis?,Fungal organisms (yeast). ,"The histopathologic diagnosis in the image is a lymph node with chronic inflammation and reactive hyperplasia. This diagnosis is based on the presence of numerous lymphocytes and plasma cells in the lymph node tissue, along with the presence of chronic inflammatory cells and fibrosis. The chronic inflammation and reactive hyperplasia suggest a chronic infection or inflammation, which is common in conditions such as tuberculosis, syphilis, or other infectious diseases.","The histopathologic diagnosis in the image is a lymph node with chronic inflammation and reactive hyperplasia. This diagnosis is based on the presence of numerous lymphocytes and plasma cells in the lymph node tissue, along with the presence of chronic inflammatory cells and fibrosis. The chronic inflammation and reactive hyperplasia suggest a chronic infection or inflammation, which is common in conditions such as tuberculosis, syphilis, or other infectious diseases."
ba18e483-86ae-4f00-9b03-dc1d5d1d6cef,What is the cytologic diagnosis?,Low-grade squamous intraepithelial lesion (LSIL).,Cervical intraepithelial neoplasia (CIN) grade 2,Cervical intraepithelial neoplasia (CIN) grade 2
bd2f6789-49fc-4e2b-b38a-7f6d0bb0d9e6,What is the diagnosis?,"Consolidation, left lower lobe","The X-ray image shows a patient with a large, soft-tissue mass in the right upper quadrant of the abdomen, which appears to be a liver abscess. The abscess is causing compression of the liver and the adjacent structures, including the diaphragm and the spine. This condition is typically caused by infection and is often treated with antibiotics and surgical intervention.","The X-ray image shows a patient with a large, soft-tissue mass in the right upper quadrant of the abdomen, which appears to be a liver abscess. The abscess is causing compression of the liver and the adjacent structures, including the diaphragm and the spine. This condition is typically caused by infection and is often treated with antibiotics and surgical intervention."
bda6b1c5-2522-418c-94f5-124c3018015d,Are there any pathologies shown in this image?,Varicosis in both legs.,"The image shows the lower legs of an elderly person. There are visible varicose veins on the legs, which are a common condition characterized by the dilation and tortuous veins in the legs. Varicose veins can be caused by various factors such as age, pregnancy, and certain medical conditions. The veins appear to be dilated and may be painful or cause discomfort. Treatment options for varicose veins include compression stockings, sclerotherapy, and surgery.","The image shows the lower legs of an elderly person. There are visible varicose veins on the legs, which are a common condition characterized by the dilation and tortuous veins in the legs. Varicose veins can be caused by various factors such as age, pregnancy, and certain medical conditions. The veins appear to be dilated and may be painful or cause discomfort. Treatment options for varicose veins include compression stockings, sclerotherapy, and surgery."
be56d9fd-423c-43fe-b5d9-1b9fe46c1808,Is there fat necrosis?,No. ,"Yes, there is fat necrosis in this tissue sample. Fat necrosis is characterized by the presence of fat cells that have undergone necrosis, leading to the formation of a cavity within the tissue. In this image, the presence of a large, vacuolated area within the tissue suggests the presence of fat necrosis.","Yes, there is fat necrosis in this tissue sample. Fat necrosis is characterized by the presence of fat cells that have undergone necrosis, leading to the formation of a cavity within the tissue. In this image, the presence of a large, vacuolated area within the tissue suggests the presence of fat necrosis."
c0a57b05-eee7-499a-8745-a2f637cde131,Is there any evidence of pneumothorax in the radiograph?,Yes.,"No, there is no evidence of pneumothorax in the radiograph.","No, there is no evidence of pneumothorax in the radiograph."
c7db3e52-cadc-4110-acaf-df1d77417653,What is the diagnosis?,"Facial palsy, left",The diagnosis is facial paralysis.,The diagnosis is facial paralysis.
c8270afe-324e-4bdf-af7d-a95d1f7d2155,"What is the likelihood of breast cancer (negative, benign, probably benign, suspicious, or highly suggestive of malignancy)? ",Highly suggestive of malignancy,"Based on the mammogram image provided, the likelihood of breast cancer is most likely ""suspicious"" or ""highly suggestive of malignancy."" The presence of irregularities, masses, or other abnormal findings on a mammogram can indicate the presence of breast cancer. However, it is important to consult with a healthcare professional for a detailed diagnosis and further evaluation.","Based on the mammogram image provided, the likelihood of breast cancer is most likely ""suspicious"" or ""highly suggestive of malignancy."" The presence of irregularities, masses, or other abnormal findings on a mammogram can indicate the presence of breast cancer. However, it is important to consult with a healthcare professional for a detailed diagnosis and further evaluation."
ca0f791b-bcbd-4c2c-9ea0-c960f9fac20c,What suture technique is shown?,Donati suture technique.,"The image shows a suture technique that involves the use of a needle to insert a suture through the skin and into the tissue. This is commonly referred to as a ""stitching"" technique.","The image shows a suture technique that involves the use of a needle to insert a suture through the skin and into the tissue. This is commonly referred to as a ""stitching"" technique."
cae3a3c3-4917-421d-b4a5-360767f459cd,Does this ECG show ventricular tachycardia or supraventricular tachycardia with aberrancy?,ventricular tachycardia,"Based on the ECG you provided, it appears to show ventricular tachycardia (VT). The presence of multiple ventricular complexes with a rapid rate (250 bpm) and the absence of a clear P wave in the QRS complex are characteristic of VT. The QRS complex is narrow and has a high amplitude, which is also typical of VT. The absence of a P wave in the QRS complex further supports the diagnosis of VT.","Based on the ECG you provided, it appears to show ventricular tachycardia (VT). The presence of multiple ventricular complexes with a rapid rate (250 bpm) and the absence of a clear P wave in the QRS complex are characteristic of VT. The QRS complex is narrow and has a high amplitude, which is also typical of VT. The absence of a P wave in the QRS complex further supports the diagnosis of VT."
cdeea5fd-c696-4cdf-8b16-624d77413798,Can you safely send this patient home without further diagnostics?,"Yes, normal Chest X-ray.","Based on the chest X-ray image provided, it appears that the patient has a significant amount of fluid in the pleural space, which is causing the lungs to appear enlarged and the heart to appear enlarged. This is a common finding in conditions such as pleural effusion, cardiomegaly, or both.

While the chest X-ray alone is not sufficient to make a definitive diagnosis, it is important to consider the patient's symptoms and medical history. The patient may need further diagnostic tests, such as a chest CT scan or a pleural fluid analysis, to determine the cause of the fluid and to rule out other conditions that could be causing the symptoms.

In general, it is important to discuss the findings with the patient and their healthcare provider to determine the appropriate course of action. If the patient is experiencing symptoms such as shortness of breath, chest pain, or other signs of respiratory distress, further diagnostic testing may be necessary to determine the cause of the fluid and to ensure the patient's safety.","Based on the chest X-ray image provided, it appears that the patient has a significant amount of fluid in the pleural space, which is causing the lungs to appear enlarged and the heart to appear enlarged. This is a common finding in conditions such as pleural effusion, cardiomegaly, or both.

While the chest X-ray alone is not sufficient to make a definitive diagnosis, it is important to consider the patient's symptoms and medical history. The patient may need further diagnostic tests, such as a chest CT scan or a pleural fluid analysis, to determine the cause of the fluid and to rule out other conditions that could be causing the symptoms.

In general, it is important to discuss the findings with the patient and their healthcare provider to determine the appropriate course of action. If the patient is experiencing symptoms such as shortness of breath, chest pain, or other signs of respiratory distress, further diagnostic testing may be necessary to determine the cause of the fluid and to ensure the patient's safety."
d05074d3-8496-426c-b315-edc6dd9c7874,"Is there a mediastinal mass and if so, is it anterior, posterior, or middle mediastinal in location?",Middle mediastinal mass,"Based on the image provided, there is a mediastinal mass that appears to be located in the anterior mediastinum. The mass is visible as a dense, dark area in the center of the image, which is characteristic of a mediastinal mass. The anterior mediastinum is the region between the two lungs and the spine, and it is the location where most mediastinal masses are found.","Based on the image provided, there is a mediastinal mass that appears to be located in the anterior mediastinum. The mass is visible as a dense, dark area in the center of the image, which is characteristic of a mediastinal mass. The anterior mediastinum is the region between the two lungs and the spine, and it is the location where most mediastinal masses are found."
d2fa6150-282c-459e-8110-12496e7d201b,Is there a liver abscess in the ultrasound image?,Yes,"No, there is no liver abscess in the ultrasound image.","No, there is no liver abscess in the ultrasound image."
d5ce402d-6bfb-48bf-8f2a-f0c1fa5d09f8,Is there anything abnormal in the provided image?,"Yes. Pneumothorax, right lung.","The provided image is a chest X-ray, which is a medical imaging technique used to visualize the structures inside the chest. The X-ray shows the bones of the ribs and the lungs, as well as the heart and other structures within the chest cavity.

From the X-ray, it appears that there are no obvious abnormalities. The lungs appear clear, and the heart appears to be in the normal position. There are no signs of consolidation, masses, or other abnormalities that would suggest the presence of a lung condition, such as pneumonia, tuberculosis, or lung cancer.

However, it is important to note that a chest X-ray is not a definitive test and should be interpreted by a healthcare professional. They can provide a more detailed analysis and make any necessary further evaluations or diagnoses.","The provided image is a chest X-ray, which is a medical imaging technique used to visualize the structures inside the chest. The X-ray shows the bones of the ribs and the lungs, as well as the heart and other structures within the chest cavity.

From the X-ray, it appears that there are no obvious abnormalities. The lungs appear clear, and the heart appears to be in the normal position. There are no signs of consolidation, masses, or other abnormalities that would suggest the presence of a lung condition, such as pneumonia, tuberculosis, or lung cancer.

However, it is important to note that a chest X-ray is not a definitive test and should be interpreted by a healthcare professional. They can provide a more detailed analysis and make any necessary further evaluations or diagnoses."
d9c89c56-9588-4c36-9ee7-bac43ceb1047,What type of staining is shown?,Endospore staining.,"The staining shown in the image is Gram staining. Gram staining is a method used to identify bacteria based on their cell wall composition. Bacteria with a thick cell wall, such as those in the image, appear red under a microscope because they contain a substance called Gram-positive. Bacteria with a thinner cell wall, such as those in the image, appear blue because they contain a substance called Gram-negative.","The staining shown in the image is Gram staining. Gram staining is a method used to identify bacteria based on their cell wall composition. Bacteria with a thick cell wall, such as those in the image, appear red under a microscope because they contain a substance called Gram-positive. Bacteria with a thinner cell wall, such as those in the image, appear blue because they contain a substance called Gram-negative."
da35a3de-fa23-4c20-905e-5b82b8d5d23a,What is the histopathologic diagnosis?,Adenocarcinoma. ,The histopathologic diagnosis is adenocarcinoma.,The histopathologic diagnosis is adenocarcinoma.
dd3a8b0d-b4cc-4651-9311-a7e75a7829be,What is the histopathologic diagnosis?,Squamous cell carcinoma. ,"The histopathologic diagnosis is ""adenocarcinoma.""","The histopathologic diagnosis is ""adenocarcinoma."""
e4ce4ffc-bc94-4da2-abd7-2493702e2082,Are there pleural effusions in this chest x-ray?,"Yes, on the left","No, there are no pleural effusions in this chest x-ray.","No, there are no pleural effusions in this chest x-ray."
e65f6b06-1b9e-473d-b1ef-2a029432e553,What is the histopathologic diagnosis?,Normal epidermis and dermis. ,"The histopathologic diagnosis is ""chronic dermatitis.""","The histopathologic diagnosis is ""chronic dermatitis."""
e675a4c8-0f22-4925-8996-51e0d35bf990,On which side is the lumen?,Bottom left.,The lumen is on the right side of the image.,The lumen is on the right side of the image.
ea4975ff-f64d-4067-91ee-1cefeec69416,What is the histopathologic diagnosis?,Follicular adenoma (no capsular invasion). ,"The histopathologic diagnosis is a benign lesion, most likely a fibrous dysplasia.","The histopathologic diagnosis is a benign lesion, most likely a fibrous dysplasia."
eb4248fd-adf3-4682-b738-5d69d0248511,Which lung lobe(s) is the atelectasis within?,Right middle lobe and right lower lobe,The atelectasis is within the right lung lobe.,The atelectasis is within the right lung lobe.
edb2f37b-0fa0-4b82-abf5-eb81c548f8ab,Is there a visible pathology?,"Pneumothorax, left","Yes, there is visible pathology in the lungs. The lung fields appear to be infiltrated with a dense, mottled, and irregular pattern of opacities. This pattern is characteristic of interstitial lung disease, such as pulmonary fibrosis or interstitial pneumonia.","Yes, there is visible pathology in the lungs. The lung fields appear to be infiltrated with a dense, mottled, and irregular pattern of opacities. This pattern is characteristic of interstitial lung disease, such as pulmonary fibrosis or interstitial pneumonia."
f5455eaf-7eba-44a4-963f-abdee38c9d99,What is shown on this Xray?,Moderate left pneumothorax,"The X-ray image shows a chest X-ray of a patient. The image displays the thoracic cavity, including the lungs, heart, and other structures. The ribs and the spine are visible, as well as the diaphragm and the lungs. The heart is located in the center of the image, and the lungs are visible on either side of the heart. The image is taken from the front view, showing the upper part of the body.","The X-ray image shows a chest X-ray of a patient. The image displays the thoracic cavity, including the lungs, heart, and other structures. The ribs and the spine are visible, as well as the diaphragm and the lungs. The heart is located in the center of the image, and the lungs are visible on either side of the heart. The image is taken from the front view, showing the upper part of the body."
f90cefb2-7034-49e5-be73-ee070eaa3840,Report this Chest x-ray as a radiologist.,Box shaped heart suggestive of Ebstein anomaly.,"The chest x-ray in the image shows a normal chest with no obvious abnormalities. The heart and lungs appear to be in their normal positions, and there are no signs of consolidation, masses, or other pathologies. The ribs and spine appear intact, and there are no signs of fractures or other injuries. The overall appearance is consistent with a healthy chest.","The chest x-ray in the image shows a normal chest with no obvious abnormalities. The heart and lungs appear to be in their normal positions, and there are no signs of consolidation, masses, or other pathologies. The ribs and spine appear intact, and there are no signs of fractures or other injuries. The overall appearance is consistent with a healthy chest."
fa8407ca-468a-410c-9072-5a2640459820,What pathology is most likely shown in this image?,Granuloma annulare.,"The image shows a patient with psoriasis, a chronic skin condition characterized by red, scaly, and itchy patches on the skin. The lesions in the image appear as circular, red, and inflamed areas on the arm. Psoriasis is caused by an overproduction of skin cells and can affect various parts of the body, including the skin, nails, and joints. The lesions are typically more common on the elbows, knees, and scalp.","The image shows a patient with psoriasis, a chronic skin condition characterized by red, scaly, and itchy patches on the skin. The lesions in the image appear as circular, red, and inflamed areas on the arm. Psoriasis is caused by an overproduction of skin cells and can affect various parts of the body, including the skin, nails, and joints. The lesions are typically more common on the elbows, knees, and scalp."
fbe4eed6-6670-4f77-9197-2728be0f8419,"Which abnormality, if any, is present in this ultrasound image?",Gallstones,"Based on the ultrasound image provided, there is no visible abnormality present. The image shows a normal appearance of the fetal head and neck structures. The amniotic fluid appears clear and there are no signs of any abnormalities such as cysts, masses, or other anomalies.","Based on the ultrasound image provided, there is no visible abnormality present. The image shows a normal appearance of the fetal head and neck structures. The amniotic fluid appears clear and there are no signs of any abnormalities such as cysts, masses, or other anomalies."
