problem_id,final_question,true_answer,generated_answer,full_response
01e87e12-d402-4fff-a5ea-1da6160c4e99,What color can be seen in the abnormal lesion?,Black.,Red.,"system
You are a helpful assistant.
user
What color can be seen in the abnormal lesion?
assistant
White.
user
What color can be seen in the abnormal lesion?
assistant
Purple.
user
What color can be seen in the abnormal lesion?
assistant
Red.
user
What color can be seen in the abnormal lesion?
assistant
Red."
02decd79-711e-4eef-9bc9-04347e4692fe,What is the diagnosis?,"Hydropneumothorax, left","Pleural effusion, bilateral","system
You are a helpful assistant.
user
What is the diagnosis?
assistant
Pleural effusion, right
user
What is the diagnosis?
assistant
Pneumothorax, right
user
What is the diagnosis?
assistant
Hydropneumothorax, right
user
What is the diagnosis?
assistant
Pleural effusion, bilateral"
043f257f-34a0-4842-9334-241320202d79,Is there any type of joint deformity present here?,"Yes, Charcot´s foot, left.","Yes, Charcot's foot, right.","system
You are a helpful assistant.
user
Is there any type of joint deformity present here?
assistant
Yes, Charcot´s foot, right.
user
Is there any type of joint deformity present here?
assistant
Yes, Charcot´s foot, left.
user
Is there any type of joint deformity present here?
assistant
Yes, Charcot´s foot, left.
user
Is there any type of joint deformity present here?
assistant
No
user
Is there any type of joint deformity present here?
assistant
Yes, Charcot's foot, right."
050515b0-aff0-4ce6-8edf-b8ae01b786c5,Is there a tumor in this kidney?,"Yes, renal cell carcinoma. ","Yes, renal cell carcinoma.","system
You are a helpful assistant.
user
Is there a tumor in this kidney?
assistant
Yes, renal cell carcinoma. 
user
Is there a tumor in this kidney?
assistant
Yes, renal cell carcinoma. 
user
Is there a tumor in this kidney?
assistant
No, normal renal histology. 
user
Is there a tumor in this kidney?
assistant
Yes, renal cell carcinoma. "
06485d09-1677-493a-a974-344c507da11c,What is shown in this xray?,"Clavicle fracture, left","Clavicle fracture, left","system
You are a helpful assistant.
user
What is shown in this xray?
assistant
Clavicle fracture, right
user
What is shown in this xray?
assistant
Normal clavicle, left
user
What is shown in this xray?
assistant
Clavicle fracture, left"
08bd93cb-0201-4f20-8e37-97e495cf3542,Are there changes of acute myocardial infarction in this ECG with paced rhythm?,Yes,No,"system
You are a helpful assistant.
user
Are there changes of acute myocardial infarction in this ECG with paced rhythm?
assistant
No - Panel A
user
Are there changes of acute myocardial infarction in this ECG with paced rhythm?
assistant
Yes - Panel B
user
Are there changes of acute myocardial infarction in this ECG with paced rhythm?
assistant
No"
09728185-88c5-4da1-8b87-cd7572a530d2,Is there any evidence of honeycombing?,yes,yes,"system
You are a helpful assistant.
user
What modality is this?
assistant
computed tomography
user
What window setting is being used?
assistant
lung window
user
What body region are we looking at?
assistant
chest
user
What organ system can be evaluated with the chosen window setting?
assistant
lungs
user
Is this a normal CT scan of a lung?
assistant
no
user
Are there signs of pulmonary fibrosis in this image?
assistant
yes
user
Which condition can be seen in this image?
assistant
pulmonary fibrosis
user
Is there any evidence of honeycombing?
assistant
yes"
09b20627-5d25-4ceb-bbf3-b77a92fb4a18,Is there a joint effusion?,No,No,"system
You are a helpful assistant.
user
Is there a joint effusion?
assistant
Yes
user
Is there a joint effusion?
assistant
Yes
user
Is there a joint effusion?
assistant
Yes
user
Is there a joint effusion?
assistant
Yes
user
Is there a joint effusion?
assistant
Yes
user
Is there a joint effusion?
assistant
No
user
Is there a joint effusion?
assistant
No
user
Is there a joint effusion?
assistant
No"
0a405f20-1fcd-4fac-a0c1-3323efac8726,Is honeycombing present?,Yes,Yes,"system
You are a helpful assistant.
user
Is honeycombing present?
assistant
Yes
user
Is honeycombing present?
assistant
No
user
Is honeycombing present?
assistant
Yes"
16870356-d6c6-468a-8356-a8e2fc81dec5,Is there any pathology visible in this chest X-Ray?,"Water bottle sign in the heart, suggestive of pericardial effusion.","Yes, there is a **pleural effusion** visible in this chest X-ray. The key findings include:

1. **Blunting of the costophrenic angles**: The lower edges of the lungs (where they meet the diaphragm) appear blunted or flattened, which is a classic sign of fluid accumulation in the pleural space.
2. **Homogeneous opacity**: There is a homogeneous increase in density in the lower lung fields, consistent with fluid rather than air or tissue.
3. **Diaphragm elevation**: The diaphragm may appear elevated due to the pressure from the fluid.

These features suggest the presence of a pleural effusion, which could be caused by various conditions such as heart failure, infection, malignancy, or other","system
You are a helpful assistant.
user
Is there any pathology visible in this chest X-Ray?
assistant
Water bottle sign in the heart, suggestive of pericardial effusion.
user
Is there any pathology visible in this chest X-Ray?
assistant
Normal.
user
Is there any pathology visible in this chest X-Ray?
assistant
Yes, there is a **pleural effusion** visible in this chest X-ray. The key findings include:

1. **Blunting of the costophrenic angles**: The lower edges of the lungs (where they meet the diaphragm) appear blunted or flattened, which is a classic sign of fluid accumulation in the pleural space.
2. **Homogeneous opacity**: There is a homogeneous increase in density in the lower lung fields, consistent with fluid rather than air or tissue.
3. **Diaphragm elevation**: The diaphragm may appear elevated due to the pressure from the fluid.

These features suggest the presence of a pleural effusion, which could be caused by various conditions such as heart failure, infection, malignancy, or other systemic diseases. Further clinical correlation and possibly additional imaging (e.g., ultrasound or CT scan) would be needed for a definitive diagnosis."
18218d7e-e2b3-45ee-a6bb-45054271c091,What is the large round object?,Amoeba.,"The large round objects in the image appear to be **glomeruli** from kidney tissue. This is evident from the characteristic structure and staining pattern, which includes:

1. **Bowman's Capsule**: The outer layer of the glomerulus, which appears as a thin, crescent-shaped structure.
2. **Glomerular Tuft**: The central area containing capillaries, which is stained pink due to the presence of collagen and other extracellular matrix components.
3. **Endocapillary Cells**: The cells lining the capillaries within the glomerulus.

The arrows in the image likely point to specific features or abnormalities within the glomeruli, such as cellular infiltration or changes in the basement membrane. The scale bar indicates that the magnification is at 20 μm, which is consistent with histological sections of kidney tissue.

### Final Answer:
\boxed{\text{Glomeruli}}","system
You are a helpful assistant.
user
What is the large round object?
assistant
Giant cell in Giant-cell carcinoma of the lung.
user
What is the large round object?
assistant
Amoeba.
user
What is the large round object?
assistant
Ascarsis lumbricoides.
user
What is the large round object?
assistant
The large round objects in the image appear to be **glomeruli** from kidney tissue. This is evident from the characteristic structure and staining pattern, which includes:

1. **Bowman's Capsule**: The outer layer of the glomerulus, which appears as a thin, crescent-shaped structure.
2. **Glomerular Tuft**: The central area containing capillaries, which is stained pink due to the presence of collagen and other extracellular matrix components.
3. **Endocapillary Cells**: The cells lining the capillaries within the glomerulus.

The arrows in the image likely point to specific features or abnormalities within the glomeruli, such as cellular infiltration or changes in the basement membrane. The scale bar indicates that the magnification is at 20 μm, which is consistent with histological sections of kidney tissue.

### Final Answer:
\boxed{\text{Glomeruli}}"
188fb1a0-4521-4fb1-9c82-46527f1603a9,What is the diagnosis?,Levocardia,Mesocardia,"system
You are a helpful assistant.
user
What is the diagnosis?
assistant
Levocardia
user
What is the diagnosis?
assistant
Mesocardia
user
What is the diagnosis?
assistant
Dextrocardia
user
What is the diagnosis?
assistant
Mesocardia"
1b7f4c9f-5655-4037-92e6-0e310f41184e,What pathology can be seen?,Vitreous hemorrhage.,Retinal detachment.,"system
You are a helpful assistant.
user
What pathology can be seen?
assistant
Retinal hemorrhages.
user
What pathology can be seen?
assistant
Vitreous hemorrhage.
user
What pathology can be seen?
assistant
Retinal detachment."
1c39462b-cfdd-455c-b8f1-e099f85bcc29,Are there changes of acute myocardial infarction in this patient with known left bundle branch block?,No,Yes,"system
You are a helpful assistant.
user
Are there changes of acute myocardial infarction in this patient with known left bundle branch block?
assistant
No
user
Are there changes of acute myocardial infarction in this patient with known left bundle branch block?
assistant
Yes
user
Are there changes of acute myocardial infarction in this patient with known left bundle branch block?
assistant
Yes
user
Are there changes of acute myocardial infarction in this patient with known left bundle branch block?
assistant
Yes
user
Are there changes of acute myocardial infarction in this patient with known left bundle branch block?
assistant
Yes"
1d690af1-020d-4163-8abe-e7fc2bbdba17,Is the following pathology more consistent with acne vulgaris or acne rosacea? ,Acne vulgaris.,Acne vulgaris.,"system
You are a helpful assistant.
user
Is the following pathology more consistent with acne vulgaris or acne rosacea? 
assistant
Acne vulgaris.
user
Is the following pathology more consistent with acne vulgaris or acne rosacea? 
assistant
Acne rosacea.
user
Is the following pathology more consistent with acne vulgaris or acne rosacea? 
assistant
Acne rosacea.
user
Is the following pathology more consistent with acne vulgaris or acne rosacea? 
assistant
Acne rosacea.
user
Is the following pathology more consistent with acne vulgaris or acne rosacea? 
assistant
Acne vulgaris."
1e5627a5-d6ba-4714-9db5-1561d3f59d7e,Is there something pathological in this image?,"Anisocoria, right pupil more dilated than left one.","No, normal pupils.","system
You are a helpful assistant.
user
Is there something pathological in this image?
assistant
Anisocoria, left pupil more dilated than right one.
user
Is there something pathological in this image?
assistant
No, normal pupils.
user
Is there something pathological in this image?
assistant
No, normal pupils."
1ee54fea-31da-4d9a-bd57-a6a006f97d3e,What is the diagnosis?,"Proptosis, left","Orbital mass, right","system
You are a helpful assistant.
user
What is the diagnosis?
assistant
Proptosis, right
user
What is the diagnosis?
assistant
Proptosis, right and left
user
What is the diagnosis?
assistant
Orbital mass, right"
21e3a17e-4ad3-42c6-8367-3c96a8bc2aae,What type of pathology is shown?,"Subdural hematoma, right","Intracerebral hemorrhage (ICH), right hemisphere","system
You are a helpful assistant.
user
What type of pathology is shown?
assistant
Epidural hematoma, left
user
What type of pathology is shown?
assistant
Subdural hematoma, left
user
What type of pathology is shown?
assistant
Epidural hematoma, right
user
What type of pathology is shown?
assistant
Subdural hematoma, left
user
What type of pathology is shown?
assistant
Intracerebral hemorrhage (ICH), right hemisphere"
21eb81de-7686-4efc-9875-7dc4cbfc557d,Are the red blood cells normal?,"No, there are schiostocytes. ","No, there are schiostocytes.","system
You are a helpful assistant.
user
Are the red blood cells normal?
assistant
Yes. 
user
Are the red blood cells normal?
assistant
No, there are schiostocytes. 
user
Are the red blood cells normal?
assistant
No, there are schiostocytes. "
21ec6a11-a59f-41b2-bbca-51cc937d8828,Where is the tumor located?,Caecum.,Kidney.,"system
You are a helpful assistant.
user
Where is the tumor located?
assistant
Pineal region.
user
Where is the tumor located?
assistant
Pancreas.
user
Where is the tumor located?
assistant
Kidney."
2285cb57-7853-41c4-bc0b-12cf269a23a3,Is atoll sign present?,Yes,Yes,"system
You are a helpful assistant.
user
Is atoll sign present?
assistant
Yes
user
Is atoll sign present?
assistant
No
user
Is atoll sign present?
assistant
Yes"
26e21c7a-df27-4d6c-a3d3-44a3b73964e5,"What pathology, if any, is suspected based on this picture?",Dilated cardiomyopathy,Pneumothorax,"system
You are a helpful assistant.
user
What pathology, if any, is suspected based on this picture?
assistant
None, normal thorax.
user
What pathology, if any, is suspected based on this picture?
assistant
Dilated cardiomyopathy
user
What pathology, if any, is suspected based on this picture?
assistant
Dilated cardiomyopathy with pulmonary edema.
user
What pathology, if any, is suspected based on this picture?
assistant
Pneumothorax"
29e3f38f-c199-479c-ba00-a0fa0bbaffb8,Is there a visible pathology?,No,"Yes, hyperdense right MCA","system
You are a helpful assistant.
user
Is there a visible pathology?
assistant
Yes, hyperdense left MCA
user
Is there a visible pathology?
assistant
Yes, hyperdense left MCA
user
Is there a visible pathology?
assistant
Yes, hyperdense right MCA
user
Is there a visible pathology?
assistant
Yes, hyperdense right MCA
user
Is there a visible pathology?
assistant
Yes, hyperdense right MCA
user
Is there a visible pathology?
assistant
Yes, hyperdense left MCA
user
Is there a visible pathology?
assistant
Yes, hyperdense right MCA"
2d3f8498-af1d-440e-92a2-4837dc277974,What kind of image is this?,MRI of the brain with contrast,MRI of the brain with contrast,"system
You are a helpful assistant.
user
What kind of image is this?
assistant
CT of the brain with contrast
user
What kind of image is this?
assistant
CT of the brain without contrast
user
What kind of image is this?
assistant
MRI of the brain without contrast
user
What kind of image is this?
assistant
MRI of the brain with contrast"
2d679738-2da1-45da-b83b-aa39a86f6bcb,Is the NG tube well-positioned?,"No, in left lung",Yes,"system
You are a helpful assistant.
user
Is the NG tube well-positioned?
assistant
Yes
user
Is the NG tube well-positioned?
assistant
No, in airway
user
Is the NG tube well-positioned?
assistant
No, coiled in upper airway
user
Is the NG tube well-positioned?
assistant
No, terminates in distal esophagus
user
Is the NG tube well-positioned?
assistant
No, terminates in right lower lobe
user
Is the NG tube well-positioned?
assistant
Yes
user
Is the NG tube well-positioned?
assistant
Yes"
2f86b41e-c08b-41de-9c08-677df1528af5,What is the diagnosis?,"Acute MCA infarct, right and left","Acute MCA infarct, right","system
You are a helpful assistant.
user
What is the diagnosis?
assistant
Acute MCA infarct, right
user
What is the diagnosis?
assistant
Acute MCA infarct, left
user
What is the diagnosis?
assistant
Acute MCA infarct, right"
321365c0-587b-4f7e-8e85-34c152b401e0,What is the diagnosis?,"Exophthalmos, bilateral","Exophthalmos, bilateral","system
You are a helpful assistant.
user
What is the diagnosis?
assistant
Exophthalmos, bilateral
user
What is the diagnosis?
assistant
Exophthalmos, right
user
What is the diagnosis?
assistant
Exophthalmos, left
user
What is the diagnosis?
assistant
Exophthalmos, bilateral"
3436b5aa-7219-42c1-96cc-54f1e4286003,What is this person's skin type?,Type VI,Type V,"system
You are a helpful assistant.
user
What is this person's skin type?
assistant
Type VI
user
What is this person's skin type?
assistant
Type I
user
What is this person's skin type?
assistant
Type IV
user
What is this person's skin type?
assistant
Type V"
34d5c4f5-9a58-43d0-b716-cd81487a881a,Describe the present abnormality.,"Central retinal artery occlusion. Retinal whitening and cherry-red spot are visible, as well as the likely causative clot.","Central serous chorioretinopathy (CSR). The fundus photograph shows a small, round, elevated area of fluid accumulation beneath the retina, causing a ""serous detachment."" This is characteristic of CSR, which often presents with a ""pedicle"" or dome-shaped elevation of the retina. The surrounding retina appears relatively normal, without significant hemorrhage or other abnormalities.","system
You are a helpful assistant.
user
Describe the present abnormality.
assistant
Central retinal artery occlusion. Retinal whitening and cherry-red spot are visible.

user
Describe the present abnormality.
assistant
Branch retinal vein occlusion of superotemporal branch vein in the right eye. Fundus photograph showing widespread hemorrhages and axonal congestion (cotton wool spots; white circles) upstream of the venous occlusion. 

user
Describe the present abnormality.
assistant
Branch retinal artery occlusion. Retinal whitening is visible, as well as the likely causative clot.
user
Describe the present abnormality.
assistant
Central serous chorioretinopathy (CSR). The fundus photograph shows a small, round, elevated area of fluid accumulation beneath the retina, causing a ""serous detachment."" This is characteristic of CSR, which often presents with a ""pedicle"" or dome-shaped elevation of the retina. The surrounding retina appears relatively normal, without significant hemorrhage or other abnormalities."
34f7d1cc-7328-457b-b9d3-5e983c6496d1,Which skin condition is shown?,petechiae,petechiae,"system
You are a helpful assistant.
user
Which skin condition is shown?
assistant
petechiae
user
Which skin condition is shown?
assistant
petechiae
user
Which skin condition is shown?
assistant
angioma
user
Which skin condition is shown?
assistant
angioma
user
Which skin condition is shown?
assistant
angioma
user
Which skin condition is shown?
assistant
petechiae"
3808de45-a0d1-4f89-b0b9-76a6a977c90a,What is the diagnosis?,"Erb's palsy, right and left",Congenital dislocation of the hip (CDH),"system
You are a helpful assistant.
user
What is the diagnosis?
assistant
Erb's palsy, left
user
What is the diagnosis?
assistant
Erb's palsy, right
user
What is the diagnosis?
assistant
Congenital dislocation of the hip (CDH)"
3833ca0c-82cd-4545-b1de-93ed42e4d6e2,"What is your level of suspicion for COVID-19 infection (no, low, indeterminate, high, or very high) in this example(s)?",Very high suspicion for COVID-19 infection,Very high suspicion for COVID-19 infection,"system
You are a helpful assistant.
user
What is your level of suspicion for COVID-19 infection (no, low, indeterminate, high, or very high) in this example(s)?
assistant
No suspicion for COVID-19 infection
user
What is your level of suspicion for COVID-19 infection (no, low, indeterminate, high, or very high) in this example(s)?
assistant
Low suspicion for COVID-19 infection
user
What is your level of suspicion for COVID-19 infection (no, low, indeterminate, high, or very high) in this example(s)?
assistant
High suspicion for COVID-19 infection
user
What is your level of suspicion for COVID-19 infection (no, low, indeterminate, high, or very high) in this example(s)?
assistant
Low suspicion for COVID-19 infection
user
What is your level of suspicion for COVID-19 infection (no, low, indeterminate, high, or very high) in this example(s)?
assistant
Low suspicion for COVID-19 infection
user
What is your level of suspicion for COVID-19 infection (no, low, indeterminate, high, or very high) in this example(s)?
assistant
Indeterminate suspicion for COVID-19 infection
user
What is your level of suspicion for COVID-19 infection (no, low, indeterminate, high, or very high) in this example(s)?
assistant
Indeterminate suspicion for COVID-19 infection
user
What is your level of suspicion for COVID-19 infection (no, low, indeterminate, high, or very high) in this example(s)?
assistant
High suspicion for COVID-19 infection
user
What is your level of suspicion for COVID-19 infection (no, low, indeterminate, high, or very high) in this example(s)?
assistant
Very high suspicion for COVID-19 infection
user
What is your level of suspicion for COVID-19 infection (no, low, indeterminate, high, or very high) in this example(s)?
assistant
Very high suspicion for COVID-19 infection"
39ba5cf9-06f1-42b2-b365-41dbd6a2223e,Does this EEG show seizure activity?,no,"Yes, the EEG shown in the image appears to demonstrate seizure activity. Here's why:

### Key Observations:
1. **Rhythmic Discharges**: The EEG shows repetitive, rhythmic discharges that are characteristic of epileptiform activity. These discharges are highly synchronized and occur at a consistent frequency.
2. **High Amplitude**: The amplitude of these discharges is significantly higher than the background activity, which is typical for seizure activity.
3. **Generalized Pattern**: The rhythmic discharges appear to be present across multiple channels (e.g., Fp1-F7, F7-T3, T3-O1, etc.), suggesting a generalized seizure pattern.
4. **Synchronized Activity**: The discharges are highly synchronized across different regions of the brain, which is indicative of a seizure.

### Interpretation:
The presence of these rhythmic, high-amplitude, and synchronized discharges strongly suggests seizure activity. This type of pattern is commonly seen during an electrographic seizure, where there is a burst of abnormal electrical activity in the brain.

### Conclusion:
**Yes, this EEG shows seizure activity.**

**Final Answer: \boxed{\text{Yes}}**","system
You are a helpful assistant.
user
Does this EEG show seizure activity?
assistant
yes
user
Does this EEG show seizure activity?
assistant
yes
user
Does this EEG show seizure activity?
assistant
yes
user
Does this EEG show seizure activity?
assistant
yes
user
Does this EEG show seizure activity?
assistant
Yes, the EEG shown in the image appears to demonstrate seizure activity. Here's why:

### Key Observations:
1. **Rhythmic Discharges**: The EEG shows repetitive, rhythmic discharges that are characteristic of epileptiform activity. These discharges are highly synchronized and occur at a consistent frequency.
2. **High Amplitude**: The amplitude of these discharges is significantly higher than the background activity, which is typical for seizure activity.
3. **Generalized Pattern**: The rhythmic discharges appear to be present across multiple channels (e.g., Fp1-F7, F7-T3, T3-O1, etc.), suggesting a generalized seizure pattern.
4. **Synchronized Activity**: The discharges are highly synchronized across different regions of the brain, which is indicative of a seizure.

### Interpretation:
The presence of these rhythmic, high-amplitude, and synchronized discharges strongly suggests seizure activity. This type of pattern is commonly seen during an electrographic seizure, where there is a burst of abnormal electrical activity in the brain.

### Conclusion:
**Yes, this EEG shows seizure activity.**

**Final Answer: \boxed{\text{Yes}}**"
3b17a705-1ef8-484e-bddf-2593b7062b98,Is there a visible pathology?,Pneumoperitoneum,No visible pathology,"system
You are a helpful assistant.
user
Is there a visible pathology?
assistant
Pneumoperitoneum
user
Is there a visible pathology?
assistant
Pneumoperitoneum
user
Is there a visible pathology?
assistant
Pneumoperitoneum
user
Is there a visible pathology?
assistant
Normal chest xray
user
Is there a visible pathology?
assistant
No visible pathology"
3db48fb6-755b-4323-a963-42239ecb0316,Is there metastatic cancer in this lymph node?,No. ,Yes.,"system
You are a helpful assistant.
user
Is there metastatic cancer in this lymph node?
assistant
No. 
user
Is there metastatic cancer in this lymph node?
assistant
Yes.
user
Is there metastatic cancer in this lymph node?
assistant
Yes."
3e221315-f38c-4c93-87b1-7c9915d8a41b,Is this suspicious for lymphoma?,No.,No.,"system
You are a helpful assistant.
user
Is this suspicious for lymphoma?
assistant
Yes. 
user
Is this suspicious for lymphoma?
assistant
Yes. 
user
Is this suspicious for lymphoma?
assistant
No. "
40ea6079-9d12-477e-b34e-373c6d4f64d5,What is the diagnosis?,"Fracture, ulna","Fracture, radius","system
You are a helpful assistant.
user
What is the diagnosis?
assistant
Fracture, ulna and radius
user
What is the diagnosis?
assistant
Fracture, ulna
user
What is the diagnosis?
assistant
Fracture, radius"
41727fb3-7f70-4274-bacb-61f84b4bf584,Is splinter hemorrhage present?,no,"No, splinter hemorrhage is not present in the image. The nails appear to be healthy with no visible signs of vertical red or brown lines under the nail plate, which are characteristic of splinter hemorrhages.","system
You are a helpful assistant.
user
Is splinter hemorrhage present?
assistant
yes
user
Is splinter hemorrhage present?
assistant
no
user
Is splinter hemorrhage present?
assistant
yes
user
Is splinter hemorrhage present?
assistant
yes
user
Is splinter hemorrhage present?
assistant
yes
user
Is splinter hemorrhage present?
assistant
No, splinter hemorrhage is not present in the image. The nails appear to be healthy with no visible signs of vertical red or brown lines under the nail plate, which are characteristic of splinter hemorrhages."
443aea8a-c61d-418c-80ab-6f9250324838,What organ is shown and is it tumorous?,Kidney without tumor. ,"The organ shown in the image is a kidney, and there is no indication of a tumor. The image appears to be a cross-section of a normal kidney, with labeled parts including:

- **c**: Renal cortex
- **m**: Medulla
- **cx**: Calyx
- **p**: Pelvis

The structure looks intact and does not show any visible abnormalities or tumors. The tissue appears healthy and consistent with the typical anatomy of a normal kidney.","system
You are a helpful assistant.
user
What organ is shown and is it tumorous?
assistant
Kidney with tumor. 
user
What organ is shown and is it tumorous?
assistant
Kidney without tumor. 
user
What organ is shown and is it tumorous?
assistant
The organ shown in the image is a kidney, and there is no indication of a tumor. The image appears to be a cross-section of a normal kidney, with labeled parts including:

- **c**: Renal cortex
- **m**: Medulla
- **cx**: Calyx
- **p**: Pelvis

The structure looks intact and does not show any visible abnormalities or tumors. The tissue appears healthy and consistent with the typical anatomy of a normal kidney. "
44c46ae9-37d5-43b0-afab-162db2096c2c,What is shown in this image?,Plasma cells.,Lymphocytes.,"system
You are a helpful assistant.
user
Is this a malignancy?
assistant
Yes. 
user
What is the histopathologic diagnosis?
assistant
Adenocarcinoma. 
user
Is this a malignancy?
assistant
No.
user
What is the histopathologic diagnosis?
assistant
Tubular adenoma.
user
What is the histopathologic diagnosis?
assistant
Fat necrosis. 
user
What is the histopathologic diagnosis?
assistant
Basal cell carcinoma.
user
What is the histopathologic diagnosis?
assistant
Squamous cell carcinoma.
user
What is shown in this image?
assistant
Renal oncocytoma. 
user
What is the cytologic diagnosis?
assistant
Low-grade squamous intraepithelial lesion (LSIL).
user
What is the histopathologic diagnosis?
assistant
Papillary thyroid carcinoma. 
user
What is shown in this image?
assistant
Ovarian teratoma.
user
What is the histopathologic diagnosis?
assistant
Fungal infection.
user
What is the histopathologic diagnosis?
assistant
Adenocarcinoma, metastatic to lymph node. 
user
What is the immunohistochemical stain result?
assistant
Positive for H. Pylori. 
user
What is the immunohistochemical staining pattern?
assistant
Membranous. 
user
What is the immunohistochemical staining pattern?
assistant
Cytoplasmic. 
user
What is the immunohistochemical staining pattern?
assistant
Nuclear.
user
What is the histopathologic diagnosis?
assistant
Acute inflammation.
user
What is shown in this image?
assistant
Blast cells. 
user
What is shown in this image?
assistant
Lymphocytes."
48095d55-9265-4a0a-b9dc-baa2343c14af,Which anatomical plane is shown?,axial or transverse plane,"The image shows an **axial (transverse)** plane.

### Explanation:
- The axial plane is a horizontal slice that divides the body into superior (top) and inferior (bottom) sections.
- In this CT scan, we can see a cross-sectional view of the abdomen, with organs such as the liver, kidneys, and spine visible in a circular or oval shape.
- The orientation is consistent with a top-down view of the body, which is characteristic of the axial plane.

Thus, the anatomical plane shown is the **axial plane**.","system
You are a helpful assistant.
user
Which anatomical plane is shown?
assistant
axial or transverse plane
user
Which anatomical plane is shown?
assistant
sagittal plane
user
Which anatomical plane is shown?
assistant
coronal or frontal plane
user
Which anatomical plane is shown?
assistant
coronal or frontal plane
user
Which anatomical plane is shown?
assistant
sagittal plane
user
Which anatomical plane is shown?
assistant
The image shows an **axial (transverse)** plane.

### Explanation:
- The axial plane is a horizontal slice that divides the body into superior (top) and inferior (bottom) sections.
- In this CT scan, we can see a cross-sectional view of the abdomen, with organs such as the liver, kidneys, and spine visible in a circular or oval shape.
- The orientation is consistent with a top-down view of the body, which is characteristic of the axial plane.

Thus, the anatomical plane shown is the **axial plane**."
4894916c-f303-4d6c-8f76-73edee07f0b2,Is air trapping present?,Yes,No,"system
You are a helpful assistant.
user
Is air trapping present?
assistant
yes
user
Is air trapping present?
assistant
No
user
Is air trapping present?
assistant
No"
4a8e141c-c247-45f0-84c2-5486cfbd62cf,How many neutrophils are clearly visible?,6,5,"system
You are a helpful assistant.
user
How many neutrophils are clearly visible?
assistant
2
user
How many neutrophils are clearly visible?
assistant
1
user
How many neutrophils are clearly visible?
assistant
4
user
How many neutrophils are clearly visible?
assistant
5"
4b8852b6-d518-4f21-beef-e016a52ce821,What does the skin lesion show?,"Irregular borders and color variation, suggestive of melanoma.","A dark, irregularly shaped patch near the eye, which could suggest a pigmented lesion such as melanoma or seborrheic keratosis. Further evaluation by a dermatologist is recommended.","system
You are a helpful assistant.
user
What does the skin lesion show?
assistant
Irregular borders and color variation, suggestive of melanoma.
user
What does the skin lesion show?
assistant
Well-defined edges with uniform pigmentation, consistent with a melanocytic nevus.
user
What does the skin lesion show?
assistant
Scaly, erythematous plaque with central clearing, indicative of tinea corporis.
user
What does the skin lesion show?
assistant
A dark, irregularly shaped patch near the eye, which could suggest a pigmented lesion such as melanoma or seborrheic keratosis. Further evaluation by a dermatologist is recommended."
4d6c4b4d-6825-4c1f-adb6-ea06f72351a9,Is there a visible pathology in the ribs?,"Acute rib fracture, right",No visible pathology in the ribs.,"system
You are a helpful assistant.
user
Is there a visible pathology in the ribs?
assistant
Acute rib fractures, bilateral
user
Is there a visible pathology in the ribs?
assistant
Acute rib fracture, right
user
Is there a visible pathology in the ribs?
assistant
Acute rib fracture, left
user
Is there a visible pathology in the ribs?
assistant
No visible pathology in the ribs."
4eff8140-addf-49c6-b690-e63ace50df8e,Is there an endoleak?,No,No,"system
You are a helpful assistant.
user
Is there an endoleak?
assistant
Yes
user
Is there an endoleak?
assistant
Yes
user
Is there an endoleak?
assistant
Yes
user
Is there an endoleak?
assistant
No
user
Is there an endoleak?
assistant
No"
52c5d2a7-cf61-4508-a681-4bcddbbe63f7,"What abnormality, if any, is present in this ECG?","Second-degree heart block, type 2.","Second-degree heart block, type 2.","system
You are a helpful assistant.
user
What abnormality, if any, is present in this ECG?
assistant
First-degree heart block.
user
What abnormality, if any, is present in this ECG?
assistant
Third-degree heart block.
user
What abnormality, if any, is present in this ECG?
assistant
Second-degree heart block, type 1.
user
What abnormality, if any, is present in this ECG?
assistant
First-degree heart block.
user
What abnormality, if any, is present in this ECG?
assistant
Second-degree heart block, type 2."
53694f7c-93a9-4c85-af33-363e5f08af0d," Which chest radiograph zone is highlighted in this image, apical zone, upper zone, mid zone, or lower zone?",Lower zone,Lower zone,"system
You are a helpful assistant.
user
Which chest radiograph zone is highlighted in this image, apical zone, upper zone, mid zone, or lower zone?
assistant
Apical zone
user
Which chest radiograph zone is highlighted in this image, apical zone, upper zone, mid zone, or lower zone?
assistant
Upper zone
user
Which chest radiograph zone is highlighted in this image, apical zone, upper zone, mid zone, or lower zone?
assistant
Mid zone
user
 Which chest radiograph zone is highlighted in this image, apical zone, upper zone, mid zone, or lower zone?
assistant
Lower zone"
56958e7e-2978-4f1e-8ed7-e5dcc8fbe82d,"Which pathology, if any, is prevalent in this image?",Schistocytes,Sickle cells,"system
You are a helpful assistant.
user
Which pathology, if any, is prevalent in this image?
assistant
Sickle cells
user
Which pathology, if any, is prevalent in this image?
assistant
None
user
Which pathology, if any, is prevalent in this image?
assistant
Schistocytes
user
Which pathology, if any, is prevalent in this image?
assistant
None
user
Which pathology, if any, is prevalent in this image?
assistant
Sickle cells
user
Which pathology, if any, is prevalent in this image?
assistant
Sickle cells
user
Which pathology, if any, is prevalent in this image?
assistant
Sickle cells"
5c2a91db-7496-40c9-a919-ff9ec03b893b,Is there pneumoperitoneum?,No,No,"system
You are a helpful assistant.
user
Is there pneumoperitoneum?
assistant
Yes
user
Is there pneumoperitoneum?
assistant
Yes
user
Is there pneumoperitoneum?
assistant
Yes
user
Is there pneumoperitoneum?
assistant
No
user
Is there pneumoperitoneum?
assistant
No
user
Is there pneumoperitoneum?
assistant
No"
5d42ff8a-179d-44c1-9cdd-b34e9b291e92,What pathology is visible?,Retinal detachment in fundus image.,"No pathology, healthy fundus.","system
You are a helpful assistant.
user
 What pathology is visible?
assistant
Retinal detachment in fundus image.
user
What pathology is visible?
assistant
No pathology, healthy fundus.
user
What pathology is visible?
assistant
Retinal vein occlusion in fundus image.
user
What pathology is visible?
assistant
No pathology, healthy fundus."
5d954983-45e2-4853-b94a-19f21492884c,Which bone or bones are fractured?,Ulna,Radius and Ulna,"system
You are a helpful assistant.
user
Which bone or bones are fractured?
assistant
Radius
user
Which bone or bones are fractured?
assistant
Radius
user
Which bone or bones are fractured?
assistant
Radius
user
Which bone or bones are fractured?
assistant
Ulna
user
Which bone or bones are fractured?
assistant
Radius and Ulna
user
Which bone or bones are fractured?
assistant
Radius and Ulna"
63338bb8-841b-4420-86fe-78e1963625d0,Which skin-condition is shown?,Superficial spreading melanoma,Melanoma,"system
You are a helpful assistant.
user
Which skin-condition is shown?
assistant
Spider angioma
user
Which skin-condition is shown?
assistant
Cherry angioma
user
Which skin-condition is shown?
assistant
Superficial spreading Melanoma
user
Which skin-condition is shown?
assistant
Spider angioma
user
Which skin-condition is shown?
assistant
Spider angioma
user
Which skin-condition is shown?
assistant
Cherry angioma
user
Which skin-condition is shown?
assistant
Melanoma"
6597f180-5f13-4d49-83dd-64315337ce2f,Is there visible pathology?,"Pleural effusion, right","Yes, there is visible pathology in the chest X-ray. The image shows **pleural effusion** on the **right side** of the chest. Here's how it can be identified:

1. **Blunting of the costophrenic angle**: The costophrenic angle on the right side appears blunted, which is a classic sign of pleural effusion.
2. **Homogeneous opacity**: There is a homogeneous opacity or increased density in the lower right hemithorax, consistent with fluid accumulation.
3. **Diaphragm elevation**: The right hemidiaphragm may appear elevated due to the presence of fluid.

### Summary:
- **Pathology**: Pleural effusion (right-sided).
- **Key findings**: Blunting of the right costophrenic angle, homogeneous opacity in the right lower hemithorax, and possible diaphragm elevation.","system
You are a helpful assistant.
user
Is there visible pathology?
assistant
Pleural effusion, left
user
Is there visible pathology?
assistant
Pleural effusion, right
user
Is there visible pathology?
assistant
Yes, there is visible pathology in the chest X-ray. The image shows **pleural effusion** on the **right side** of the chest. Here's how it can be identified:

1. **Blunting of the costophrenic angle**: The costophrenic angle on the right side appears blunted, which is a classic sign of pleural effusion.
2. **Homogeneous opacity**: There is a homogeneous opacity or increased density in the lower right hemithorax, consistent with fluid accumulation.
3. **Diaphragm elevation**: The right hemidiaphragm may appear elevated due to the presence of fluid.

### Summary:
- **Pathology**: Pleural effusion (right-sided).
- **Key findings**: Blunting of the right costophrenic angle, homogeneous opacity in the right lower hemithorax, and possible diaphragm elevation."
688b0f03-2157-4d48-965a-2b5c473e3384,"Is this thyroid nodule benign, not suspicious, mildly suspicious, moderately suspicious, or highly suspicious?",Highly suspicious,Mildly suspicious,"system
You are a helpful assistant.
user
Is this thyroid nodule benign, not suspicious, mildly suspicious, moderately suspicious, or highly suspicious?
assistant
Not suspicious
user
Is this thyroid nodule benign, not suspicious, mildly suspicious, moderately suspicious, or highly suspicious?
assistant
Mildly suspicious
user
Is this thyroid nodule benign, not suspicious, mildly suspicious, moderately suspicious, or highly suspicious?
assistant
Not suspicious
user
Is this thyroid nodule benign, not suspicious, mildly suspicious, moderately suspicious, or highly suspicious?
assistant
Mildly suspicious
user
Is this thyroid nodule benign, not suspicious, mildly suspicious, moderately suspicious, or highly suspicious?
assistant
Moderately suspicious
user
Is this thyroid nodule benign, not suspicious, mildly suspicious, moderately suspicious, or highly suspicious?
assistant
Mildly suspicious
user
Is this thyroid nodule benign, not suspicious, mildly suspicious, moderately suspicious, or highly suspicious?
assistant
Highly suspicious
user
Is this thyroid nodule benign, not suspicious, mildly suspicious, moderately suspicious, or highly suspicious?
assistant
Moderately suspicious
user
Is this thyroid nodule benign, not suspicious, mildly suspicious, moderately suspicious, or highly suspicious?
assistant
Highly suspicious
user
Is this thyroid nodule benign, not suspicious, mildly suspicious, moderately suspicious, or highly suspicious?
assistant
Mildly suspicious"
6b6d8d8d-bd8a-44af-8ca4-bd0623aa596a,What kind of MRI sequence is this?,T2 fat saturation,DWI (Diffusion-Weighted Imaging),"system
You are a helpful assistant.
user
What kind of MRI sequence is this?
assistant
T1
user
What kind of MRI sequence is this?
assistant
T1 fat saturation
user
What kind of MRI sequence is this?
assistant
T2
user
What kind of MRI sequence is this?
assistant
DWI (Diffusion-Weighted Imaging)"
6c9f0a00-bc0b-4844-b498-c57d68382c5d,Where is the location of the endotracheal tube tip?,Trachea,"Main bronchus, right","system
You are a helpful assistant.
user
Where is the location of the endotracheal tube tip?
assistant
Trachea
user
Where is the location of the endotracheal tube tip?
assistant
Main bronchus, right
user
Where is the location of the endotracheal tube tip?
assistant
Main bronchus, left
user
Where is the location of the endotracheal tube tip?
assistant
Main bronchus, right"
6d0aec94-e009-46ea-8c93-2f2de47ef800,What type of cell is present among the erythrocytes?,Myeloblast without Auer rods,Myeloblast without Auer rods,"system
You are a helpful assistant.
user
What type of cell is present among the erythrocytes?
assistant
Myeloblast with Auer rods
user
What type of cell is present among the erythrocytes?
assistant
Myeloblast with Auer rods
user
What type of cell is present among the erythrocytes?
assistant
Myeloblast with Auer rods
user
What type of cell is present among the erythrocytes?
assistant
Basophil
user
What type of cell is present among the erythrocytes?
assistant
Basophil
user
What type of cell is present among the erythrocytes?
assistant
Myeloblast without Auer rods
user
What type of cell is present among the erythrocytes?
assistant
Myeloblast without Auer rods"
732150de-bce4-46af-9a70-c4b1e2c4b783,Does the liver appear enlarged?,Yes.,Yes.,"system
You are a helpful assistant.
user
Does the liver appear enlarged?
assistant
Yes.
user
Does the liver appear enlarged?
assistant
No.
user
Does the liver appear enlarged?
assistant
Yes."
741ef380-c0aa-4508-8fd3-790a34b16b8b,What is shown in this image?,"Kayser-Fleischer ring, left.","The image shows an eye with **freckles** (also known as ephelides) on the surrounding skin. Freckles are small, flat, pigmented spots that are typically light brown or tan in color and are more common in individuals with fair skin. They are harmless and often appear in areas exposed to sunlight, such as the face, arms, and shoulders. The eye itself appears normal without any visible signs of pathology.","system
You are a helpful assistant.
user
What is shown in this image?
assistant
Kayser-Fleischer rings, bilateral.
user
What is shown in this image?
assistant
Kayser-Fleischer ring, right.
user
What is shown in this image?
assistant
Normal eyes.
user
What is shown in this image?
assistant
The image shows an eye with **freckles** (also known as ephelides) on the surrounding skin. Freckles are small, flat, pigmented spots that are typically light brown or tan in color and are more common in individuals with fair skin. They are harmless and often appear in areas exposed to sunlight, such as the face, arms, and shoulders. The eye itself appears normal without any visible signs of pathology."
7d28bb1c-71e2-4be8-ab96-0a2d67df2d9b,Are there signs of surgical wound infection?,Yes,Yes,"system
You are a helpful assistant.
user
Are there signs of surgical wound infection?
assistant
Yes 
user
Are there signs of surgical wound infection?
assistant
No
user
Are there signs of surgical wound infection?
assistant
No
user
Are there signs of surgical wound infection?
assistant
Yes"
820c2943-aea7-454e-ae7a-850c50c0de2f,Does this ECG show artifact or ventricular tachycardia?,artifact ,ventricular tachycardia,"system
You are a helpful assistant.
user
Does this ECG show artifact or ventricular tachycardia?
assistant
artifact
user
Does this ECG show artifact or ventricular tachycardia?
assistant
ventricular tachycardia
user
Does this ECG show artifact or ventricular tachycardia?
assistant
ventricular tachycardia"
96fd679e-4619-4c7a-9d7b-dd46eaa8b26e,"Is there a fracture and if so, what kind?",No fracture,"Yes, there is a fracture. The type of fracture appears to be a **proximal humerus fracture**. This is characterized by a break in the upper part of the humerus bone near the shoulder joint. The specific pattern can vary, but common types include:

- **Neck fracture**: A break in the neck of the humerus.
- **Greater tuberosity fracture**: A break involving the attachment site of the supraspinatus tendon.
- **Lesser tuberosity fracture**: A break involving the attachment site of the subscapularis tendon.
- **Four-part fracture**: Involves all four parts of the proximal humerus (anatomical neck, surgical neck, greater tuberosity, and lesser tuberosity).

From the image, it looks like there may be a fracture involving one or more of these areas, but a definitive diagnosis would require further clinical correlation and possibly additional imaging studies such as an MRI or CT scan.

**Final Answer: Proximal humerus fracture**","system
You are a helpful assistant.
user
Is there a fracture and if so, what kind?
assistant
Transverse fracture
user
Is there a fracture and if so, what kind?
assistant
Oblique fracture
user
Is there a fracture and if so, what kind?
assistant
Spiral fracture
user
Is there a fracture and if so, what kind?
assistant
Comminuted fracture
user
Is there a fracture and if so, what kind?
assistant
No fracture
user
Is there a fracture and if so, what kind?
assistant
Yes, there is a fracture. The type of fracture appears to be a **proximal humerus fracture**. This is characterized by a break in the upper part of the humerus bone near the shoulder joint. The specific pattern can vary, but common types include:

- **Neck fracture**: A break in the neck of the humerus.
- **Greater tuberosity fracture**: A break involving the attachment site of the supraspinatus tendon.
- **Lesser tuberosity fracture**: A break involving the attachment site of the subscapularis tendon.
- **Four-part fracture**: Involves all four parts of the proximal humerus (anatomical neck, surgical neck, greater tuberosity, and lesser tuberosity).

From the image, it looks like there may be a fracture involving one or more of these areas, but a definitive diagnosis would require further clinical correlation and possibly additional imaging studies such as an MRI or CT scan.

**Final Answer: Proximal humerus fracture**"
9db35400-5633-48fa-9411-97926d30d4c5,Provide a radiological interpretation of this radiograph of the hand.,Arthritis,Arthritis,"system
You are a helpful assistant.
user
Provide a radiological interpretation of this radiograph of the hand.
assistant
Arthritis
user
Provide a radiological interpretation of this radiograph of the hand.
assistant
Normal
user
Provide a radiological interpretation of this radiograph of the hand.
assistant
Normal
user
Provide a radiological interpretation of this radiograph of the hand.
assistant
Arthritis
user
Provide a radiological interpretation of this radiograph of the hand.
assistant
Arthritis"
9ea5bef9-87e3-494f-8312-e6a70e1ca8e9,Is there a tree-in-bud appearance?,No,"Yes, the image shows a **tree-in-bud appearance**. This is characterized by small, rounded opacities (the ""buds"") along the branches of the bronchial tree, giving it a characteristic appearance resembling a tree with buds. This pattern is often seen in conditions such as:

- **Bronchiectasis**
- **Infections (e.g., bacterial pneumonia, viral infections)**
- **Inflammatory conditions (e.g., allergic bronchopulmonary aspergillosis)**

The tree-in-bud appearance is typically due to inflammation or obstruction of the airways, leading to distal dilatation and mucus plugging.","system
You are a helpful assistant.
user
Is there a tree-in-bud appearance?
assistant
yes
user
Is there a tree-in-bud appearance?
assistant
No
user
Is there a tree-in-bud appearance?
assistant
yes
user
Is there a tree-in-bud appearance?
assistant
Yes, the image shows a **tree-in-bud appearance**. This is characterized by small, rounded opacities (the ""buds"") along the branches of the bronchial tree, giving it a characteristic appearance resembling a tree with buds. This pattern is often seen in conditions such as:

- **Bronchiectasis**
- **Infections (e.g., bacterial pneumonia, viral infections)**
- **Inflammatory conditions (e.g., allergic bronchopulmonary aspergillosis)**

The tree-in-bud appearance is typically due to inflammation or obstruction of the airways, leading to distal dilatation and mucus plugging."
a0111520-e2e0-406c-9bf0-5139d8a2f30d,What pathology is shown in this image?,Tinea Corporis,Psoriasis,"system
You are a helpful assistant.
user
What pathology is shown in this image?
assistant
Erythema migrans
user
What pathology is shown in this image?
assistant
Erythema migrans
user
What pathology is shown in this image?
assistant
Erythema multiforme
user
What pathology is shown in this image?
assistant
Erythema migrans
user
What pathology is shown in this image?
assistant
Tinea Corporis
user
What pathology is shown in this image?
assistant
Erythema multiforme
user
What pathology is shown in this image?
assistant
Psoriasis"
a1ab8e85-4cca-4707-b3dd-57da42738aac,How does the surgical site look like?,A normal suture with eleven stitches. No signs of infection or inflammation.,"The surgical site appears to be healing, but there are some concerning signs that suggest potential complications:

1. **Redness and Swelling**: The area around the incision is visibly red and swollen, which could indicate inflammation or infection.
2. **Discoloration**: There is noticeable discoloration around the wound, particularly near the edges, which might suggest poor circulation or infection.
3. **Suture Integrity**: The sutures appear intact, but the surrounding tissue's condition raises concerns.

### Key Observations:
- **Infection Signs**: Redness, swelling, and discoloration are common signs of infection.
- **Healing Stage**: While the sutures are still in place, the overall appearance suggests that the wound may not be healing optimally.

### Recommendations:
- **Monitor Closely**: Keep an eye on the wound for any worsening symptoms such as increased pain, pus, or spreading redness.
- **Consult a Healthcare Professional**: Given the visible signs of inflammation or possible infection, it is advisable to seek medical evaluation promptly. A healthcare provider can assess the wound, determine if antibiotics are needed, and ensure proper care.

If left untreated, infections can lead to more severe complications, so early intervention is crucial.","system
You are a helpful assistant.
user
How does the surgical site look like?
assistant
The surgical site looks infected (redness).

user
How does the surgical site look like?
assistant
A normal suture with five stitches. No signs of infection or inflammation.
user
How does the surgical site look like?
assistant
The surgical site appears to be healing, but there are some concerning signs that suggest potential complications:

1. **Redness and Swelling**: The area around the incision is visibly red and swollen, which could indicate inflammation or infection.
2. **Discoloration**: There is noticeable discoloration around the wound, particularly near the edges, which might suggest poor circulation or infection.
3. **Suture Integrity**: The sutures appear intact, but the surrounding tissue's condition raises concerns.

### Key Observations:
- **Infection Signs**: Redness, swelling, and discoloration are common signs of infection.
- **Healing Stage**: While the sutures are still in place, the overall appearance suggests that the wound may not be healing optimally.

### Recommendations:
- **Monitor Closely**: Keep an eye on the wound for any worsening symptoms such as increased pain, pus, or spreading redness.
- **Consult a Healthcare Professional**: Given the visible signs of inflammation or possible infection, it is advisable to seek medical evaluation promptly. A healthcare provider can assess the wound, determine if antibiotics are needed, and ensure proper care.

If left untreated, infections can lead to more severe complications, so early intervention is crucial."
a7cf906c-228d-44cf-82bd-f5961343273f,What kind of cerebral edema is shown?,Combined edema.,Vasogenic edema.,"system
You are a helpful assistant.
user
What kind of cerebral edema is shown?
assistant
Vasogenic edema.
user
What kind of cerebral edema is shown?
assistant
Vasogenic edema.
user
What kind of cerebral edema is shown?
assistant
Cytotoxic edema.
user
What kind of cerebral edema is shown?
assistant
Vasogenic edema."
aa4a25e1-c52f-4811-a126-bbb52f348ef4,Can you identify which medication (and what dose) does patient have in their pill box?,Atorvastatin 10 mg,"The pill in the image is identified as **Atorvastatin 10 mg**.

### Explanation:
- The markings on the pill indicate:
  - ""APO"" on one side, which typically refers to Apotex, the manufacturer.
  - ""A 10"" on the other side, where ""A"" likely stands for Atorvastatin and ""10"" indicates the dosage of 10 mg.

Atorvastatin is a commonly prescribed medication used to lower cholesterol levels and reduce the risk of heart disease. The dose shown here is **10 mg**.","system
You are a helpful assistant.
user
Can you identify which medication (and what dose) does patient have in their pill box?
assistant
Atorvastatin 20 mg
user
Can you identify which medication (and what dose) does patient have in their pill box?
assistant
Atorvastatin 40 mg
user
Can you identify which medication (and what dose) does patient have in their pill box?
assistant
The pill in the image is identified as **Atorvastatin 10 mg**.

### Explanation:
- The markings on the pill indicate:
  - ""APO"" on one side, which typically refers to Apotex, the manufacturer.
  - ""A 10"" on the other side, where ""A"" likely stands for Atorvastatin and ""10"" indicates the dosage of 10 mg.

Atorvastatin is a commonly prescribed medication used to lower cholesterol levels and reduce the risk of heart disease. The dose shown here is **10 mg**."
aa9e1c00-8519-465d-9e18-0861b353c138,"Is there a pneumothorax and if so, is it a tension pneumothorax?",No pneumothorax,"**Yes, there is a pneumothorax, and it appears to be a **tension pneumothorax**.**

### Key Observations:
1. **Shift of the mediastinum**: The mediastinum (including the heart and trachea) is shifted away from the affected side (left side in this case). This is a classic sign of a tension pneumothorax.
2. **Increased lucency on the affected side**: The left hemithorax shows increased transparency compared to the right, indicating the presence of free air.
3. **Collapse of lung tissue**: The left lung appears collapsed, which is consistent with a tension pneumothorax.
4. **Tracheal deviation**: The trachea may also be deviated away from the affected side, although it can sometimes be subtle.

### Why It's Likely Tension Pneumothorax:
- The presence of a large pneumothorax with significant mediastinal shift suggests that the pressure in the pleural space is high enough to collapse the lung and displace the mediastinum. This is characteristic of a tension pneumothorax.
- Tension pneumothorax is a medical emergency requiring immediate intervention, such as needle decompression or chest tube placement.

### Conclusion:
This X-ray strongly indicates a **tension pneumothorax** due to the combination of lung collapse, mediastinal shift, and increased lucency on the affected side. Immediate action is warranted.","system
You are a helpful assistant.
user
Is there a pneumothorax and if so, is it a tension pneumothorax?
assistant
Pneumothorax but not tension pneumothorax 
user
Is there a pneumothorax and if so, is it a tension pneumothorax?
assistant
Pneumothorax but not tension pneumothorax 
user
Is there a pneumothorax and if so, is it a tension pneumothorax?
assistant
Pneumothorax but not tension pneumothorax 
user
Is there a pneumothorax and if so, is it a tension pneumothorax?
assistant
Tension pneumothorax 
user
Is there a pneumothorax and if so, is it a tension pneumothorax?
assistant
No pneumothorax
user
Is there a pneumothorax and if so, is it a tension pneumothorax?
assistant
**Yes, there is a pneumothorax, and it appears to be a **tension pneumothorax**.**

### Key Observations:
1. **Shift of the mediastinum**: The mediastinum (including the heart and trachea) is shifted away from the affected side (left side in this case). This is a classic sign of a tension pneumothorax.
2. **Increased lucency on the affected side**: The left hemithorax shows increased transparency compared to the right, indicating the presence of free air.
3. **Collapse of lung tissue**: The left lung appears collapsed, which is consistent with a tension pneumothorax.
4. **Tracheal deviation**: The trachea may also be deviated away from the affected side, although it can sometimes be subtle.

### Why It's Likely Tension Pneumothorax:
- The presence of a large pneumothorax with significant mediastinal shift suggests that the pressure in the pleural space is high enough to collapse the lung and displace the mediastinum. This is characteristic of a tension pneumothorax.
- Tension pneumothorax is a medical emergency requiring immediate intervention, such as needle decompression or chest tube placement.

### Conclusion:
This X-ray strongly indicates a **tension pneumothorax** due to the combination of lung collapse, mediastinal shift, and increased lucency on the affected side. Immediate action is warranted."
ab57d2cb-e14d-43e8-9f4d-ecd2a211ba7e,"Is there an intracerebral hemorrhage in this image and if so, what kind?",No intracerebral hemorrhage,"Yes, there is an **intracerebral hemorrhage** (ICH) in this image. The characteristics of the hemorrhage can be identified as follows:

### Observations:
1. **Location**: The hemorrhage appears to be located in the right hemisphere of the brain.
2. **Shape and Density**: The lesion is hyperdense (bright white on CT), which is characteristic of acute blood.
3. **Mass Effect**: There is visible mass effect, with compression of adjacent brain structures and possible midline shift.

### Type of Intracerebral Hemorrhage:
Based on the appearance and location:
- This is likely a **lobar intracerebral hemorrhage**, given its location within the cerebral cortex or deep white matter without evidence of a specific vascular structure like an aneurysm or arteriovenous malformation (AVM).

### Summary:
- **Presence of ICH**: Yes
- **Type of ICH**: Likely **lobar intracerebral hemorrhage**

If further details about the patient's history or clinical presentation are available, they could help refine the diagnosis. However, based solely on the CT scan, these observations are consistent with a lobar ICH.","system
You are a helpful assistant.
user
Is there an intracerebral hemorrhage in this image and if so, what kind?
assistant
No intracerebral hemorrhage
user
Is there an intracerebral hemorrhage in this image and if so, what kind?
assistant
Epidural hematoma
user
Is there an intracerebral hemorrhage in this image and if so, what kind?
assistant
No intracerebral hemorrhage
user
Is there an intracerebral hemorrhage in this image and if so, what kind?
assistant
Subdural hemorrhage
user
Is there an intracerebral hemorrhage in this image and if so, what kind?
assistant
Subarachnoid hemorrhage
user
Is there an intracerebral hemorrhage in this image and if so, what kind?
assistant
Yes, there is an **intracerebral hemorrhage** (ICH) in this image. The characteristics of the hemorrhage can be identified as follows:

### Observations:
1. **Location**: The hemorrhage appears to be located in the right hemisphere of the brain.
2. **Shape and Density**: The lesion is hyperdense (bright white on CT), which is characteristic of acute blood.
3. **Mass Effect**: There is visible mass effect, with compression of adjacent brain structures and possible midline shift.

### Type of Intracerebral Hemorrhage:
Based on the appearance and location:
- This is likely a **lobar intracerebral hemorrhage**, given its location within the cerebral cortex or deep white matter without evidence of a specific vascular structure like an aneurysm or arteriovenous malformation (AVM).

### Summary:
- **Presence of ICH**: Yes
- **Type of ICH**: Likely **lobar intracerebral hemorrhage**

If further details about the patient's history or clinical presentation are available, they could help refine the diagnosis. However, based solely on the CT scan, these observations are consistent with a lobar ICH."
ae849698-02d1-4e88-98f8-558f15089a42,How many fingers are shown in this image?,6,5,"system
You are a helpful assistant.
user
How many fingers are shown in this image?
assistant
6
user
How many fingers are shown in this image?
assistant
5
user
How many fingers are shown in this image?
assistant
5
user
How many fingers are shown in this image?
assistant
5"
afabd2e4-a0f2-4e06-9ba3-3db6e1ff73e0,Do these patient signature samples over the years show micrographia?,Yes,No,"system
You are a helpful assistant.
user
Do these patient signature samples over the years show micrographia?
assistant
Yes
user
Do these patient signature samples over the years show micrographia?
assistant
Yes
user
Do these patient signature samples over the years show micrographia?
assistant
No"
b0489c0e-8963-4fa3-940a-bb5d65f85dc0,Is there hydronephrosis?,No,No,"system
You are a helpful assistant.
user
Is there hydronephrosis?
assistant
Yes, bilateral
user
Is there hydronephrosis?
assistant
Yes, left
user
Is there hydronephrosis?
assistant
Yes, left
user
Is there hydronephrosis?
assistant
Yes, right
user
Is there hydronephrosis?
assistant
No"
b04916c8-41b9-4189-a16b-e831c2ddc950,What pathology is shown?,Ulcerative colitis,Ulcerative colitis,"system
You are a helpful assistant.
user
What pathology is shown?
assistant
Chrohn's disease
user
What pathology is shown?
assistant
Ulcerative colitis
user
What pathology is shown?
assistant
Ulcerative colitis
user
What pathology is shown?
assistant
Chron's disease
user
What pathology is shown?
assistant
Ulcerative colitis"
b214470b-8d93-40eb-bd02-56c83e3615df,Diagnose the condition in the kidney,Autosomal Dominant Polycystic Kidney disease,Autosomal Dominant Polycystic Kidney Disease (ADPKD),"system
You are a helpful assistant.
user
Diagnose the condition in the kidney
assistant
Autosomal Dominant Polycystic Kidney disease
user
Diagnose the condition in the kidney
assistant
Normal kidneys
user
Diagnose the condition in the kidney
assistant
Autosomal Dominant Polycystic Kidney disease
user
Diagnose the condition in the kidney
assistant
Autosomal Dominant Polycystic Kidney Disease (ADPKD)"
b25c0453-eaf9-481c-9dbe-bc8924905668,Where is the pneumonia located?,left upper lobe,right middle lobe,"system
You are a helpful assistant.
user
Where is the pneumonia located?
assistant
Right upper lobe
user
Where is the pneumonia located?
assistant
right lower lobe
user
Where is the pneumonia located?
assistant
right upper lobe
user
Where is the pneumonia located?
assistant
left lower lobe
user
Where is the pneumonia located?
assistant
middle lobe and lingula
user
Where is the pneumonia located?
assistant
right lower lobe
user
Where is the pneumonia located?
assistant
left lower lobe
user
Where is the pneumonia located?
assistant
right upper lobe and lingula
user
Where is the pneumonia located?
assistant
right middle lobe"
b2c4774e-08f5-460e-87e5-4c496942ab8a,Is this invasive cancer?,No. This is ductal carcinoma in situ (DCIS) of the breast. ,Yes. This is invasive ductal carcinoma of the breast.,"system
You are a helpful assistant.
user
Is this invasive cancer?
assistant
Yes. This is invasive ductal carcinoma of the breast. 
user
Is this invasive cancer?
assistant
Yes. This is invasive ductal carcinoma of the breast. 
user
Is this invasive cancer?
assistant
No. This is ductal carcinoma in situ (DCIS) of the breast. 
user
Is this invasive cancer?
assistant
Yes. This is invasive ductal carcinoma of the breast. "
b3eb1d37-e024-4463-8014-eb8f11f81936,Is there visible pathology?,Appendicitis,Normal appendix,"system
You are a helpful assistant.
user
Is there visible pathology?
assistant
Appendicitis
user
Is there visible pathology?
assistant
Appendicitis
user
Is there visible pathology?
assistant
Normal appendix
user
Is there visible pathology?
assistant
Normal appendix"
b41fb4f4-e509-4ead-a337-1ab15b4cb4bb,Is bronchiectasis present?,Yes,Yes,"system
You are a helpful assistant.
user
Is bronchiectasis present?
assistant
yes
user
Is bronchiectasis present?
assistant
No
user
Is bronchiectasis present?
assistant
Yes"
b43555d3-9ef4-4280-bdec-902f634ec75a,What is the histopathologic diagnosis?,Normal stomach mucosa (negative for Helicobacter Pylori infection).,Helicobacter pylori infection.,"system
You are a helpful assistant.
user
What is the histopathologic diagnosis?
assistant
Helicobacter Pylori infection (positive stain).
user
What is the histopathologic diagnosis?
assistant
Helicobacter Pylori infection (positive stain).
user
What is the histopathologic diagnosis?
assistant
Helicobacter Pylori infection. 
user
What is the histopathologic diagnosis?
assistant
Normal stomach mucosa (negative for Helicobacter Pylori infection).
user
What is the histopathologic diagnosis?
assistant
Helicobacter pylori infection."
b5ea0db1-ac0b-4ac9-bf19-34b7ef15904d,"Besides the pulmonary embolism, what other condition is seen?",Small right-sided pleural effusion,"The image shows **pulmonary embolism** as the primary finding, but there may be additional conditions visible depending on the full CT scan series. However, based solely on this single axial slice, here are some potential observations:

1. **Enlarged Heart**: The heart appears to be enlarged, which could indicate right ventricular strain due to the pulmonary embolism. This is a common secondary finding in cases of significant pulmonary embolism.

2. **Pleural Effusion**: There might be pleural effusions (fluid accumulation around the lungs), though it is not clearly evident in this single slice. Pleural effusions can sometimes accompany pulmonary embolism.

3. **Lung Opacities**: While not prominent in this slice, lung opacities or consolidations could be present in other slices, indicating underlying lung pathology such as pneumonia or atelectasis.

4. **Other Vascular Abnormalities**: Further evaluation of the entire CT series would be necessary to rule out any other vascular abnormalities or anatomical variations.

To provide a more comprehensive assessment, reviewing the entire CT scan series and correlating with clinical findings is essential. If you have access to the full set of images, further analysis could reveal additional details.","system
You are a helpful assistant.
user
What modality is this?
assistant
computed tomography
user
Has contrast agent been applied for this study?
assistant
yes
user
What condition is seen in this image?
assistant
pulmonary embolism
user
Where is the embolism located?
assistant
Centrally, extending into both main pulmonary arteries (saddle pulmonary embolism)
user
Besides the pulmonary embolism, what other condition is seen?
assistant
The image shows **pulmonary embolism** as the primary finding, but there may be additional conditions visible depending on the full CT scan series. However, based solely on this single axial slice, here are some potential observations:

1. **Enlarged Heart**: The heart appears to be enlarged, which could indicate right ventricular strain due to the pulmonary embolism. This is a common secondary finding in cases of significant pulmonary embolism.

2. **Pleural Effusion**: There might be pleural effusions (fluid accumulation around the lungs), though it is not clearly evident in this single slice. Pleural effusions can sometimes accompany pulmonary embolism.

3. **Lung Opacities**: While not prominent in this slice, lung opacities or consolidations could be present in other slices, indicating underlying lung pathology such as pneumonia or atelectasis.

4. **Other Vascular Abnormalities**: Further evaluation of the entire CT series would be necessary to rule out any other vascular abnormalities or anatomical variations.

To provide a more comprehensive assessment, reviewing the entire CT scan series and correlating with clinical findings is essential. If you have access to the full set of images, further analysis could reveal additional details."
b60bb3ca-680f-4d0d-b616-456e6a84908c,Is there evidence of inflammation?,No.,No.,"system
You are a helpful assistant.
user
Is there evidence of inflammation?
assistant
Yes.
user
Is there evidence of inflammation?
assistant
No.
user
Is there evidence of inflammation?
assistant
No."
b78610bc-b395-4d39-b92a-a86f8d6c7dc8,Is there a lung mass in the Chest radiograph?,Yes.,Yes.,"system
You are a helpful assistant.
user
Is there a lung mass in the Chest radiograph?
assistant
Yes.
user
Is there a lung mass in the Chest radiograph?
assistant
No.
user
Is there a lung mass in the Chest radiograph?
assistant
No.
user
Is there a lung mass in the Chest radiograph?
assistant
Yes."
b82002ea-ec05-4c5c-95a8-3b646f020ed7,What is the histopathologic diagnosis?,Fungal organisms (yeast). ,Fungal organisms (yeast).,"system
You are a helpful assistant.
user
What is the histopathologic diagnosis?
assistant
Fungal organisms (hyphae). 
user
What is the histopathologic diagnosis?
assistant
Fungal organisms (hyphae). 
user
What is the histopathologic diagnosis?
assistant
Fungal organisms (yeast). 
user
What is the histopathologic diagnosis?
assistant
Fungal organisms (hyphae). 
user
What is the histopathologic diagnosis?
assistant
Fungal organisms (yeast). "
ba18e483-86ae-4f00-9b03-dc1d5d1d6cef,What is the cytologic diagnosis?,Low-grade squamous intraepithelial lesion (LSIL).,Atypical squamous cells of undetermined significance (ASC-US).,"system
You are a helpful assistant.
user
What is the cytologic diagnosis?
assistant
Low-grade squamous intraepithelial lesion (LSIL).
user
What is the cytologic diagnosis?
assistant
Negative for intraepithelial lesion or malignancy (NILM).
user
What is the cytologic diagnosis?
assistant
Atypical squamous cells of undetermined significance (ASC-US)."
bd2f6789-49fc-4e2b-b38a-7f6d0bb0d9e6,What is the diagnosis?,"Consolidation, left lower lobe","Consolidation, right lower lobe","system
You are a helpful assistant.
user
What is the diagnosis?
assistant
Consolidation, right lower lung
user
What is the diagnosis?
assistant
Consolidation, right upper lobe
user
What is the diagnosis?
assistant
Consolidation, left upper lobe
user
What is the diagnosis?
assistant
Consolidation, right lower lobe"
bda6b1c5-2522-418c-94f5-124c3018015d,Are there any pathologies shown in this image?,Varicosis in both legs.,"Yes, the image shows visible **varicose veins** on the legs. Varicose veins are enlarged, twisted veins that typically appear near the surface of the skin and are often bluish or dark purple. They can be painful, itchy, or cause discomfort, especially when standing for long periods. This condition is common and usually occurs in the legs due to weakened valves in the veins that allow blood to pool.","system
You are a helpful assistant.
user
Are there any pathologies shown in this image?
assistant
The left leg appears swollen. Lymphedema.
user
Are there any pathologies shown in this image?
assistant
Varicosis in both legs.
user
Are there any pathologies shown in this image?
assistant
Yes, the image shows visible **varicose veins** on the legs. Varicose veins are enlarged, twisted veins that typically appear near the surface of the skin and are often bluish or dark purple. They can be painful, itchy, or cause discomfort, especially when standing for long periods. This condition is common and usually occurs in the legs due to weakened valves in the veins that allow blood to pool."
be56d9fd-423c-43fe-b5d9-1b9fe46c1808,Is there fat necrosis?,No. ,Yes.,"system
You are a helpful assistant.
user
Is there fat necrosis?
assistant
Yes. 
user
Is there fat necrosis?
assistant
Yes. 
user
Is there fat necrosis?
assistant
Yes. "
c0a57b05-eee7-499a-8745-a2f637cde131,Is there any evidence of pneumothorax in the radiograph?,Yes.,No.,"system
You are a helpful assistant.
user
Is there any evidence of pneumothorax in the radiograph?
assistant
Yes.
user
Is there any evidence of pneumothorax in the radiograph?
assistant
No.
user
Is there any evidence of pneumothorax in the radiograph?
assistant
No."
c7db3e52-cadc-4110-acaf-df1d77417653,What is the diagnosis?,"Facial palsy, left","Facial palsy, right","system
You are a helpful assistant.
user
What is the diagnosis?
assistant
Facial palsy, right
user
What is the diagnosis?
assistant
Facial palsy, left
user
What is the diagnosis?
assistant
Facial palsy, right"
c8270afe-324e-4bdf-af7d-a95d1f7d2155,"What is the likelihood of breast cancer (negative, benign, probably benign, suspicious, or highly suggestive of malignancy)? ",Highly suggestive of malignancy,Highly suggestive of malignancy,"system
You are a helpful assistant.
user
What is the likelihood of breast cancer (negative, benign, probably benign, suspicious, or highly suggestive of malignancy)? 
assistant
Negative
user
What is the likelihood of breast cancer (negative, benign, probably benign, suspicious, or highly suggestive of malignancy)? 
assistant
Probably benign
user
What is the likelihood of breast cancer (negative, benign, probably benign, suspicious, or highly suggestive of malignancy)? 
assistant
Suspicious
user
What is the likelihood of breast cancer (negative, benign, probably benign, suspicious, or highly suggestive of malignancy)? 
assistant
Highly suggestive of malignancy
user
What is the likelihood of breast cancer (negative, benign, probably benign, suspicious, or highly suggestive of malignancy)? 
assistant
Suspicious
user
What is the likelihood of breast cancer (negative, benign, probably benign, suspicious, or highly suggestive of malignancy)? 
assistant
Highly suggestive of malignancy
user
What is the likelihood of breast cancer (negative, benign, probably benign, suspicious, or highly suggestive of malignancy)? 
assistant
Benign
user
What is the likelihood of breast cancer (negative, benign, probably benign, suspicious, or highly suggestive of malignancy)? 
assistant
Probably benign
user
What is the likelihood of breast cancer (negative, benign, probably benign, suspicious, or highly suggestive of malignancy)? 
assistant
Negative
user
What is the likelihood of breast cancer (negative, benign, probably benign, suspicious, or highly suggestive of malignancy)? 
assistant
Highly suggestive of malignancy"
ca0f791b-bcbd-4c2c-9ea0-c960f9fac20c,What suture technique is shown?,Donati suture technique.,Simple interrupted suture technique.,"system
You are a helpful assistant.
user
What suture technique is shown?
assistant
Simple, interrupted suture technique.
user
What suture technique is shown?
assistant
Simple, running suture technique.
user
What suture technique is shown?
assistant
Donati suture technique.
user
What suture technique is shown?
assistant
Intradermal running suture technique.
user
What suture technique is shown?
assistant
Simple interrupted suture technique."
cae3a3c3-4917-421d-b4a5-360767f459cd,Does this ECG show ventricular tachycardia or supraventricular tachycardia with aberrancy?,ventricular tachycardia,"**Ventricular Tachycardia (VT)**

### **Reasoning:**
1. **Rhythm Analysis:**
   - The rhythm is regular, which can be seen in both VT and supraventricular tachycardia (SVT) with aberrancy.
   - The rate appears to be rapid, consistent with tachycardia.

2. **QRS Complex Morphology:**
   - The QRS complexes are wide (>120 ms), which is characteristic of VT or SVT with aberrancy.
   - In this case, the QRS morphology is bizarre and irregular, suggesting VT rather than SVT with aberrancy. SVT with aberrancy typically shows a more consistent QRS pattern due to the underlying supraventricular origin.

3. **Axis Deviation:**
   - The axis is significantly deviated, which is common in VT but less typical in SVT with aberrancy.

4. **Absence of P Waves:**
   - There are no discernible P waves before the QRS complexes, which is suggestive of VT. In SVT with aberrancy, P waves may be present but hidden within the QRS complex or distorted.

5. **Clinical Context:**
   - The caption mentions ""Antidromic AVRT,"" which is a type of supraventricular tachycardia. However, the ECG pattern here does not match the typical features of antidromic AVRT, such as a narrow QRS complex or consistent QRS morphology.

### **Conclusion:**
Given the wide, bizarre QRS complexes and the absence of clear P waves, this ECG is more indicative of **ventricular tachycardia (VT)** rather than supraventricular tachycardia (SVT) with aberrancy.

**Final Answer: \boxed{\text{Ventricular Tachycardia}}**","system
You are a helpful assistant.
user
Does this ECG show ventricular tachycardia or supraventricular tachycardia with aberrancy?
assistant
ventricular tachycardia
user
Does this ECG show ventricular tachycardia or supraventricular tachycardia with aberrancy?
assistant
supraventricular tachycardia with aberrancy 
user
Does this ECG show ventricular tachycardia or supraventricular tachycardia with aberrancy?
assistant
supraventricular tachycardia with aberrancy
user
Does this ECG show ventricular tachycardia or supraventricular tachycardia with aberrancy?
assistant
supraventricular tachycardia with aberrancy
user
Does this ECG show ventricular tachycardia or supraventricular tachycardia with aberrancy?
assistant
supraventricular tachycardia with aberrancy
user
Does this ECG show ventricular tachycardia or supraventricular tachycardia with aberrancy?
assistant
**Ventricular Tachycardia (VT)**

### **Reasoning:**
1. **Rhythm Analysis:**
   - The rhythm is regular, which can be seen in both VT and supraventricular tachycardia (SVT) with aberrancy.
   - The rate appears to be rapid, consistent with tachycardia.

2. **QRS Complex Morphology:**
   - The QRS complexes are wide (>120 ms), which is characteristic of VT or SVT with aberrancy.
   - In this case, the QRS morphology is bizarre and irregular, suggesting VT rather than SVT with aberrancy. SVT with aberrancy typically shows a more consistent QRS pattern due to the underlying supraventricular origin.

3. **Axis Deviation:**
   - The axis is significantly deviated, which is common in VT but less typical in SVT with aberrancy.

4. **Absence of P Waves:**
   - There are no discernible P waves before the QRS complexes, which is suggestive of VT. In SVT with aberrancy, P waves may be present but hidden within the QRS complex or distorted.

5. **Clinical Context:**
   - The caption mentions ""Antidromic AVRT,"" which is a type of supraventricular tachycardia. However, the ECG pattern here does not match the typical features of antidromic AVRT, such as a narrow QRS complex or consistent QRS morphology.

### **Conclusion:**
Given the wide, bizarre QRS complexes and the absence of clear P waves, this ECG is more indicative of **ventricular tachycardia (VT)** rather than supraventricular tachycardia (SVT) with aberrancy.

**Final Answer: \boxed{\text{Ventricular Tachycardia}}**"
cdeea5fd-c696-4cdf-8b16-624d77413798,Can you safely send this patient home without further diagnostics?,"Yes, normal Chest X-ray.","Yes, normal Chest X-ray.","system
You are a helpful assistant.
user
Can you safely send this patient home without further diagnostics?
assistant
No. Pneumoperitoneum indicative of gastrointestinal perforation.
user
Can you safely send this patient home without further diagnostics?
assistant
Yes, normal Chest X-ray.
user
Can you safely send this patient home without further diagnostics?
assistant
No. Pneumoperitoneum indicative of gastrointestinal perforation.
user
Can you safely send this patient home without further diagnostics?
assistant
Yes, normal Chest X-ray."
d05074d3-8496-426c-b315-edc6dd9c7874,"Is there a mediastinal mass and if so, is it anterior, posterior, or middle mediastinal in location?",Middle mediastinal mass,Middle mediastinal mass,"system
You are a helpful assistant.
user
Is there a mediastinal mass and if so, is it anterior, posterior, or middle mediastinal in location?
assistant
Anterior mediastinal mass
user
Is there a mediastinal mass and if so, is it anterior, posterior, or middle mediastinal in location?
assistant
Posterior mediastinal mass
user
Is there a mediastinal mass and if so, is it anterior, posterior, or middle mediastinal in location?
assistant
No mediastinal mass
user
Is there a mediastinal mass and if so, is it anterior, posterior, or middle mediastinal in location?
assistant
Middle mediastinal mass"
d2fa6150-282c-459e-8110-12496e7d201b,Is there a liver abscess in the ultrasound image?,Yes,Yes,"system
You are a helpful assistant.
user
Is there a liver abscess in the ultrasound image?
assistant
Yes
user
Is there a liver abscess in the ultrasound image?
assistant
No
user
Is there a liver abscess in the ultrasound image?
assistant
Yes"
d5ce402d-6bfb-48bf-8f2a-f0c1fa5d09f8,Is there anything abnormal in the provided image?,"Yes. Pneumothorax, right lung.",No. Normal chest radiograph.,"system
You are a helpful assistant.
user
Is there anything abnormal in the provided image?
assistant
Yes. Pneumothorax, right lung.
user
Is there anything abnormal in the provided image?
assistant
Yes. Pneumothorax, left lung.
user
Is there anything abnormal in the provided image?
assistant
No. Normal chest radiograph.
user
Is there anything abnormal in the provided image?
assistant
No. Normal chest radiograph."
d9c89c56-9588-4c36-9ee7-bac43ceb1047,What type of staining is shown?,Endospore staining.,Acid-fast staining (Ziehl-Neelsen or Kinyoun stain).,"system
You are a helpful assistant.
user
What type of staining is shown?
assistant
Ziehl-Neelsen staining.
user
What type of staining is shown?
assistant
Auramine-O staining.
user
What type of staining is shown?
assistant
Endospore staining.
user
What type of staining is shown?
assistant
Giemsa staining.
user
What type of staining is shown?
assistant
Acid-fast staining (Ziehl-Neelsen or Kinyoun stain)."
da35a3de-fa23-4c20-905e-5b82b8d5d23a,What is the histopathologic diagnosis?,Adenocarcinoma. ,Squamous cell carcinoma.,"system
You are a helpful assistant.
user
What is the histopathologic diagnosis?
assistant
Adenocarcinoma. 
user
What is the histopathologic diagnosis?
assistant
Adenocarcinoma. 
user
What is the histopathologic diagnosis?
assistant
Adenoma. 
user
What is the histopathologic diagnosis?
assistant
Adenoma. 
user
What is the histopathologic diagnosis?
assistant
Squamous cell carcinoma. "
dd3a8b0d-b4cc-4651-9311-a7e75a7829be,What is the histopathologic diagnosis?,Squamous cell carcinoma. ,Squamous cell carcinoma.,"system
You are a helpful assistant.
user
What is the histopathologic diagnosis?
assistant
Squamous cell carcinoma. 
user
What is the histopathologic diagnosis?
assistant
Squamous cell carcinoma. 
user
What is the histopathologic diagnosis?
assistant
Normal epidermis and dermis, with benign nevus. 
user
What is the histopathologic diagnosis?
assistant
Squamous cell carcinoma. "
e4ce4ffc-bc94-4da2-abd7-2493702e2082,Are there pleural effusions in this chest x-ray?,"Yes, on the left","Yes, on the left side.","system
You are a helpful assistant.
user
Are there pleural effusions in this chest x-ray?
assistant
Yes, on the right
user
Are there pleural effusions in this chest x-ray?
assistant
No
user
Are there pleural effusions in this chest x-ray?
assistant
Yes, on the left side."
e65f6b06-1b9e-473d-b1ef-2a029432e553,What is the histopathologic diagnosis?,Normal epidermis and dermis. ,Normal epidermis and dermis.,"system
You are a helpful assistant.
user
What is the histopathologic diagnosis?
assistant
Basal cell carcinoma. 
user
What is the histopathologic diagnosis?
assistant
Normal epidermis and dermis, with benign intradermal nevus. 
user
What is the histopathologic diagnosis?
assistant
Basal cell carcinoma.
user
What is the histopathologic diagnosis?
assistant
Basal cell carcinoma.
user
What is the histopathologic diagnosis?
assistant
Normal epidermis and dermis. 
user
What is the histopathologic diagnosis?
assistant
Normal epidermis and dermis."
e675a4c8-0f22-4925-8996-51e0d35bf990,On which side is the lumen?,Bottom left.,"**Top.**

The image shows a section of the gastrointestinal tract, likely the small intestine or colon, based on the presence of villi and crypts. The **lumen** (the hollow space inside the tube) is typically located at the top of such histological sections, as it represents the inner surface that comes into contact with the contents of the gut. The tissue layers below the lumen include the epithelium, lamina propria, muscularis mucosae, submucosa, and muscularis externa.","system
You are a helpful assistant.
user
On which side is the lumen?
assistant
Right.
user
On which side is the lumen?
assistant
Top.
user
On which side is the lumen?
assistant
**Top.**

The image shows a section of the gastrointestinal tract, likely the small intestine or colon, based on the presence of villi and crypts. The **lumen** (the hollow space inside the tube) is typically located at the top of such histological sections, as it represents the inner surface that comes into contact with the contents of the gut. The tissue layers below the lumen include the epithelium, lamina propria, muscularis mucosae, submucosa, and muscularis externa."
ea4975ff-f64d-4067-91ee-1cefeec69416,What is the histopathologic diagnosis?,Follicular adenoma (no capsular invasion). ,Follicular adenoma (no capsular invasion).,"system
You are a helpful assistant.
user
What is the histopathologic diagnosis?
assistant
Follicular thyroid carcinoma (with capsular invasion). 
user
What is the histopathologic diagnosis?
assistant
Follicular thyroid carcinoma (with capsular invasion). 
user
What is the histopathologic diagnosis?
assistant
Follicular adenoma (no capsular invasion). 
user
What is the histopathologic diagnosis?
assistant
Follicular adenoma (no capsular invasion). "
eb4248fd-adf3-4682-b738-5d69d0248511,Which lung lobe(s) is the atelectasis within?,Right middle lobe and right lower lobe,Right lower lobe,"system
You are a helpful assistant.
user
Which lung lobe(s) is the atelectasis within?
assistant
Left lower lobe
user
Which lung lobe(s) is the atelectasis within?
assistant
Left upper lobe
user
Which lung lobe(s) is the atelectasis within?
assistant
Right upper lobe
user
Which lung lobe(s) is the atelectasis within?
assistant
Right middle lobe
user
Which lung lobe(s) is the atelectasis within?
assistant
Right lower lobe
user
Which lung lobe(s) is the atelectasis within?
assistant
Right lower lobe"
edb2f37b-0fa0-4b82-abf5-eb81c548f8ab,Is there a visible pathology?,"Pneumothorax, left","Pneumothorax, right","system
You are a helpful assistant.
user
Is there a visible pathology?
assistant
Pneumothorax, right
user
Is there a visible pathology?
assistant
Pneumothorax, bilateral
user
Is there a visible pathology?
assistant
Pneumothorax, right
user
Is there a visible pathology?
assistant
Pneumothorax, left
user
Is there a visible pathology?
assistant
Normal chest xray
user
Is there a visible pathology?
assistant
Pneumothorax, right"
f5455eaf-7eba-44a4-963f-abdee38c9d99,What is shown on this Xray?,Moderate left pneumothorax,Small right pneumothorax,"system
You are a helpful assistant.
user
What is shown on this Xray?
assistant
Large tension pneumothorax on the left
user
What is shown on this Xray?
assistant
Large right tension pneumothorax
user
What is shown on this Xray?
assistant
Moderate right pneumothorax
user
What is shown on this Xray?
assistant
Small right pneumothorax"
f90cefb2-7034-49e5-be73-ee070eaa3840,Report this Chest x-ray as a radiologist.,Box shaped heart suggestive of Ebstein anomaly.,"**Chest X-Ray Report:**

### **Clinical History:**  
The clinical history is not provided, but the image shows findings that warrant careful evaluation.

### **Findings:**
1. **Cardiac Silhouette:** 
   - The cardiac silhouette appears enlarged, with a rounded and globular shape. This could suggest cardiomegaly (enlargement of the heart), which may be due to various causes such as congenital heart disease, heart failure, or other conditions.

2. **Lung Fields:**
   - The lung fields appear clear without evidence of consolidation, infiltrates, or focal opacities. However, there is a subtle increase in vascular markings, particularly in the lower zones, which could indicate pulmonary congestion or increased pulmonary blood flow.

3. **Diaphragm:**
   - The diaphragm appears smooth and well-defined. There is no evidence of free air under the diaphragm, suggesting no pneumothorax or gastrointestinal perforation.

4. **Bony Structures:**
   - The ribs, clavicles, and vertebrae appear normal without any fractures or bony abnormalities.

5. **Soft Tissues:**
   - The soft tissues over the chest wall appear unremarkable.

6. **Mediastinum:**
   - The mediastinum is widened, which can be associated with cardiomegaly or other mediastinal masses.

### **Impression:**
- **Enlarged Cardiac Silhouette:** The heart size is significantly increased, indicating cardiomegaly. This could be due to various etiologies, including congenital heart disease, heart failure, or other","system
You are a helpful assistant.
user
Report this Chest x-ray as a radiologist.
assistant
Normal.
user
Report this Chest x-ray as a radiologist.
assistant
Box shaped heart suggestive of Ebstein anomaly.

user
Report this Chest x-ray as a radiologist.
assistant
Egg shaped heart suggestive of Transposition of great arteries.
user
Report this Chest x-ray as a radiologist.
assistant
Snowman heart suggestive of Total anomalous pulmonary return.
user
Report this Chest x-ray as a radiologist.
assistant
**Chest X-Ray Report:**

### **Clinical History:**  
The clinical history is not provided, but the image shows findings that warrant careful evaluation.

### **Findings:**
1. **Cardiac Silhouette:** 
   - The cardiac silhouette appears enlarged, with a rounded and globular shape. This could suggest cardiomegaly (enlargement of the heart), which may be due to various causes such as congenital heart disease, heart failure, or other conditions.

2. **Lung Fields:**
   - The lung fields appear clear without evidence of consolidation, infiltrates, or focal opacities. However, there is a subtle increase in vascular markings, particularly in the lower zones, which could indicate pulmonary congestion or increased pulmonary blood flow.

3. **Diaphragm:**
   - The diaphragm appears smooth and well-defined. There is no evidence of free air under the diaphragm, suggesting no pneumothorax or gastrointestinal perforation.

4. **Bony Structures:**
   - The ribs, clavicles, and vertebrae appear normal without any fractures or bony abnormalities.

5. **Soft Tissues:**
   - The soft tissues over the chest wall appear unremarkable.

6. **Mediastinum:**
   - The mediastinum is widened, which can be associated with cardiomegaly or other mediastinal masses.

### **Impression:**
- **Enlarged Cardiac Silhouette:** The heart size is significantly increased, indicating cardiomegaly. This could be due to various etiologies, including congenital heart disease, heart failure, or other systemic conditions.
- **Increased Vascular Markings:** The subtle increase in vascular markings suggests possible pulmonary congestion or increased pulmonary blood flow, which is often seen in conditions like left-to-right shunts or heart failure.
- **No Acute Pathology:** No acute processes such as pneumonia, pleural effusion, or pneumothorax are evident on this image.

### **Recommendations:**
1. **Further Evaluation:** Given the significant cardiomegaly, further investigation is necessary to determine the underlying cause. This should include:
   - Echocardiography to assess cardiac structure and function.
   - Electrocardiogram (ECG) to evaluate for arrhythmias or conduction abnormalities.
   - Clinical correlation with symptoms and history to guide management.

2. **Follow-Up Imaging:** If the patient's condition changes or symptoms persist, repeat imaging"
fa8407ca-468a-410c-9072-5a2640459820,What pathology is most likely shown in this image?,Granuloma annulare.,Erythema multiforme.,"system
You are a helpful assistant.
user
What pathology is most likely shown in this image?
assistant
Bullseye rash in Lyme disease.
user
What pathology is most likely shown in this image?
assistant
Granuloma annulare.
user
What pathology is most likely shown in this image?
assistant
Discoid lupus.
user
What pathology is most likely shown in this image?
assistant
Erythema multiforme."
fbe4eed6-6670-4f77-9197-2728be0f8419,"Which abnormality, if any, is present in this ultrasound image?",Gallstones,Gallstones,"system
You are a helpful assistant.
user
Which abnormality, if any, is present in this ultrasound image?
assistant
Gallstones
user
Which abnormality, if any, is present in this ultrasound image?
assistant
Sludge
user
Which abnormality, if any, is present in this ultrasound image?
assistant
Gallstones"
